Workbook

Sheet 총괄
B2: ■ 차단기 트립 관리 총괄 | H2: 26/02/03 ACTA기준 | M2: ■ KEY MISSON 대상(101국소외)
B3: 구분 | C3: 춘천 | D3: 양구 | E3: 홍천 | F3: 인제 | G3: 철원 | H3: 화천 | I3: 총대상 | M3: 구분 | N3: 춘천 | O3: 양구 | P3: 홍천 | Q3: 인제 | R3: 철원 | S3: 화천 | T3: 총대상 | V3: 중복출동건수 | X3: 1회 | Y3: 2회 | Z3: 3회 | AA3: 4회 | AB3: 5회
B4: 차단기 트립 | C4: =COUNTIFS('차단기 트립 진행 내역'!$B$4:$B$1048576,C3) -> 78 | D4: =COUNTIFS('차단기 트립 진행 내역'!$B$4:$B$1048576,D3) -> 24 | E4: =COUNTIFS('차단기 트립 진행 내역'!$B$4:$B$1048576,E3) -> 31 | F4: =COUNTIFS('차단기 트립 진행 내역'!$B$4:$B$1048576,F3) -> 14 | G4: =COUNTIFS('차단기 트립 진행 내역'!$B$4:$B$1048576,G3) -> 29 | H4: =COUNTIFS('차단기 트립 진행 내역'!$B$4:$B$1048576,H3) -> 19 | I4: =SUM(C4:H4) -> 195 | M4: 대상 | N4: =COUNTIFS('차단기 트립 진행 내역'!$B$4:$B$1048576,"춘천",'차단기 트립 진행 내역'!$P$4:$P$1048576,"대상") -> 46 | O4: =COUNTIFS('차단기 트립 진행 내역'!$B$4:$B$1048576,"양구",'차단기 트립 진행 내역'!$P$4:$P$1048576,"대상") -> 12 | P4: =COUNTIFS('차단기 트립 진행 내역'!$B$4:$B$1048576,"홍천",'차단기 트립 진행 내역'!$P$4:$P$1048576,"대상") -> 20 | Q4: =COUNTIFS('차단기 트립 진행 내역'!$B$4:$B$1048576,"인제",'차단기 트립 진행 내역'!$P$4:$P$1048576,"대상") -> 8 | R4: =COUNTIFS('차단기 트립 진행 내역'!$B$4:$B$1048576,"철원",'차단기 트립 진행 내역'!$P$4:$P$1048576,"대상") -> 23 | S4: =COUNTIFS('차단기 트립 진행 내역'!$B$4:$B$1048576,"화천",'차단기 트립 진행 내역'!$P$4:$P$1048576,"대상") -> 9 | T4: =SUM(N4:S4) -> 118 | V4: =SUM(X4:AA4) -> 118 | X4: =COUNTIFS('차단기 트립 진행 내역'!$P$4:$P$1048576,"대상",'차단기 트립 진행 내역'!$J$4:$J$1048576,1) -> 91 | Y4: =COUNTIFS('차단기 트립 진행 내역'!$P$4:$P$1048576,"대상",'차단기 트립 진행 내역'!$J$4:$J$1048576,2) -> 23 | Z4: =COUNTIFS('차단기 트립 진행 내역'!$P$4:$P$1048576,"대상",'차단기 트립 진행 내역'!$J$4:$J$1048576,3) -> 2 | AA4: =COUNTIFS('차단기 트립 진행 내역'!$P$4:$P$1048576,"대상",'차단기 트립 진행 내역'!$J$4:$J$1048576,4) -> 2 | AB4: =COUNTIFS('차단기 트립 진행 내역'!$P$4:$P$1048576,"대상",'차단기 트립 진행 내역'!$J$4:$J$1048576,0) -> 0
B5: 점검 완료 | C5: =C4-C6 -> 78 | D5: =D4-D6 -> 24 | E5: =E4-E6 -> 31 | F5: =F4-F6 -> 14 | G5: =G4-G6 -> 29 | H5: =H4-H6 -> 19 | I5: =SUM(C5:H5) -> 195 | M5: 점검 완료 | N5: =N4-N6 -> 46 | O5: =O4-O6 -> 12 | P5: =P4-P6 -> 20 | Q5: =Q4-Q6 -> 8 | R5: =R4-R6 -> 23 | S5: =S4-S6 -> 9 | T5: =T4-T6 -> 118
B6: 미점검 | C6: =COUNTIFS('차단기 트립 진행 내역'!$B$4:$B$1048576,"춘천",'차단기 트립 진행 내역'!$M$4:$M$1048576,"미점검") -> 0 | D6: =COUNTIFS('차단기 트립 진행 내역'!$B$4:$B$1048576,"양구",'차단기 트립 진행 내역'!$M$4:$M$1048576,"미점검") -> 0 | E6: =COUNTIFS('차단기 트립 진행 내역'!$B$4:$B$1048576,"홍천",'차단기 트립 진행 내역'!$M$4:$M$1048576,"미점검") -> 0 | F6: =COUNTIFS('차단기 트립 진행 내역'!$B$4:$B$1048576,"인제",'차단기 트립 진행 내역'!$M$4:$M$1048576,"미점검") -> 0 | G6: =COUNTIFS('차단기 트립 진행 내역'!$B$4:$B$1048576,"철원",'차단기 트립 진행 내역'!$M$4:$M$1048576,"미점검") -> 0 | H6: =COUNTIFS('차단기 트립 진행 내역'!$B$4:$B$1048576,"화천",'차단기 트립 진행 내역'!$M$4:$M$1048576,"미점검") -> 0 | I6: =SUM(C6:H6) -> 0 | M6: 미점검 | N6: =COUNTIFS('차단기 트립 진행 내역'!$B$4:$B$1048576,"춘천",'차단기 트립 진행 내역'!$P$4:$P$1048576,"대상",'차단기 트립 진행 내역'!$M$4:$M$1048576,"미점검") -> 0 | O6: =COUNTIFS('차단기 트립 진행 내역'!$B$4:$B$1048576,"양구",'차단기 트립 진행 내역'!$P$4:$P$1048576,"대상",'차단기 트립 진행 내역'!$M$4:$M$1048576,"미점검") -> 0 | P6: =COUNTIFS('차단기 트립 진행 내역'!$B$4:$B$1048576,"홍천",'차단기 트립 진행 내역'!$P$4:$P$1048576,"대상",'차단기 트립 진행 내역'!$M$4:$M$1048576,"미점검") -> 0 | Q6: =COUNTIFS('차단기 트립 진행 내역'!$B$4:$B$1048576,"인제",'차단기 트립 진행 내역'!$P$4:$P$1048576,"대상",'차단기 트립 진행 내역'!$M$4:$M$1048576,"미점검") -> 0 | R6: =COUNTIFS('차단기 트립 진행 내역'!$B$4:$B$1048576,"철원",'차단기 트립 진행 내역'!$P$4:$P$1048576,"대상",'차단기 트립 진행 내역'!$M$4:$M$1048576,"미점검") -> 0 | S6: =COUNTIFS('차단기 트립 진행 내역'!$B$4:$B$1048576,"화천",'차단기 트립 진행 내역'!$P$4:$P$1048576,"대상",'차단기 트립 진행 내역'!$M$4:$M$1048576,"미점검") -> 0 | T6: =SUM(N6:S6) -> 0 | V6: 절연저항 결과 | X6: 불량 | Y6: =COUNTIFS('차단기 트립 진행 내역'!$P$4:$P$1048576,"대상",'차단기 트립 진행 내역'!$L$4:$L$1048576,"불량") -> 13 | Z6: 측정불가 | AA6: =COUNTIFS('차단기 트립 진행 내역'!$P$4:$P$1048576,"대상",'차단기 트립 진행 내역'!$L$4:$L$1048576,"측정불가") -> 2
B7: 점검율 | C7: =C5/C4 -> 1 | D7: =D5/D4 -> 1 | E7: =E5/E4 -> 1 | F7: =F5/F4 -> 1 | G7: =G5/G4 -> 1 | H7: =H5/H4 -> 1 | I7: =I5/I4 -> 1 | M7: 점검율 | N7: =N5/N4 -> 1 | O7: =O5/O4 -> 1 | P7: =P5/P4 -> 1 | Q7: =Q5/Q4 -> 1 | R7: =R5/R4 -> 1 | S7: =S5/S4 -> 1 | T7: =T5/T4 -> 1 | X7: 양호 | Y7: =COUNTIFS('차단기 트립 진행 내역'!$P$4:$P$1048576,"대상",'차단기 트립 진행 내역'!$L$4:$L$1048576,"양호") -> 103
B9: 조치 완료 | C9: =COUNTIFS('차단기 트립 진행 내역'!$B$4:$B$1048576,"춘천",'차단기 트립 진행 내역'!$O$4:$O$1048576,"완료") -> 75 | D9: =COUNTIFS('차단기 트립 진행 내역'!$B$4:$B$1048576,"양구",'차단기 트립 진행 내역'!$O$4:$O$1048576,"완료") -> 23 | E9: =COUNTIFS('차단기 트립 진행 내역'!$B$4:$B$1048576,"홍천",'차단기 트립 진행 내역'!$O$4:$O$1048576,"완료") -> 29 | F9: =COUNTIFS('차단기 트립 진행 내역'!$B$4:$B$1048576,"인제",'차단기 트립 진행 내역'!$O$4:$O$1048576,"완료") -> 14 | G9: =COUNTIFS('차단기 트립 진행 내역'!$B$4:$B$1048576,"철원",'차단기 트립 진행 내역'!$O$4:$O$1048576,"완료") -> 28 | H9: =COUNTIFS('차단기 트립 진행 내역'!$B$4:$B$1048576,"화천",'차단기 트립 진행 내역'!$O$4:$O$1048576,"완료") -> 18 | I9: =SUM(C9:H9) -> 187 | M9: 조치 완료 | N9: =COUNTIFS('차단기 트립 진행 내역'!$B$4:$B$1048576,"춘천",'차단기 트립 진행 내역'!$P$4:$P$1048576,"대상",'차단기 트립 진행 내역'!$M$4:$M$1048576,"조치완료") -> 44 | O9: =COUNTIFS('차단기 트립 진행 내역'!$B$4:$B$1048576,"양구",'차단기 트립 진행 내역'!$P$4:$P$1048576,"대상",'차단기 트립 진행 내역'!$M$4:$M$1048576,"조치완료") -> 11 | P9: =COUNTIFS('차단기 트립 진행 내역'!$B$4:$B$1048576,"홍천",'차단기 트립 진행 내역'!$P$4:$P$1048576,"대상",'차단기 트립 진행 내역'!$M$4:$M$1048576,"조치완료") -> 19 | Q9: =COUNTIFS('차단기 트립 진행 내역'!$B$4:$B$1048576,"인제",'차단기 트립 진행 내역'!$P$4:$P$1048576,"대상",'차단기 트립 진행 내역'!$M$4:$M$1048576,"조치완료") -> 8 | R9: =COUNTIFS('차단기 트립 진행 내역'!$B$4:$B$1048576,"철원",'차단기 트립 진행 내역'!$P$4:$P$1048576,"대상",'차단기 트립 진행 내역'!$M$4:$M$1048576,"조치완료") -> 22 | S9: =COUNTIFS('차단기 트립 진행 내역'!$B$4:$B$1048576,"화천",'차단기 트립 진행 내역'!$P$4:$P$1048576,"대상",'차단기 트립 진행 내역'!$M$4:$M$1048576,"조치완료") -> 9 | T9: =SUM(N9:S9) -> 113
B10: 조치율 | C10: =C9/C4 -> 0.96153846 | D10: =D9/D4 -> 0.95833333 | E10: =E9/E4 -> 0.93548387 | F10: =F9/F4 -> 1 | G10: =G9/G4 -> 0.96551724 | H10: =H9/H4 -> 0.94736842 | I10: =I9/I4 -> 0.95897436 | M10: 조치율 | N10: =N9/N4 -> 0.95652174 | O10: =O9/O4 -> 0.91666667 | P10: =P9/P4 -> 0.95 | Q10: =Q9/Q4 -> 1 | R10: =R9/R4 -> 0.95652174 | S10: =S9/S4 -> 1 | T10: =T9/T4 -> 0.95762712
M11: 특이사항 1. 농사용 계량기 차단기 : 계량기 함체 견고하지 않아 우천시 누수 예상 2. 전원함 2식 운용 : 전원함 1식 제거 후 직결처리 필요 3. 차단기 2중 사용 : 전원함이 있으나 계량기단 차단기 설치되어 계량기단 차단기 제거 필요 4. 자동복구형 차단기 미설치 : 누전차단기(ELB) 설치로 교체 5. 건물전원/산악지역의 전원선을 매립 대상 우천시 잦은 트립발생 6. SPD미설치 운용대상
M13: 구분 | P13: 대상 | Q13: 불량비율 | R13: 조치완료 | S13: 미조치 | T13: 조치율
M14: 불량원인 | N14: 양호 | P14: =COUNTIFS('차단기 트립 진행 내역'!$P$4:$P$1048576,"대상",'차단기 트립 진행 내역'!$N$4:$N$1048576,"양호") -> 47 | Q14: =P14/$T$4 -> 0.39830508 | R14: - | S14: - | T14: -
B15: ■ DORS-415정류기 Revision 진행 총괄 | N15: 차단기 불량 | P15: =COUNTIFS('차단기 트립 진행 내역'!$P$4:$P$1048576,"대상",'차단기 트립 진행 내역'!$N$4:$N$1048576,"차단기") -> 49 | Q15: =P15/$T$4 -> 0.41525424 | R15: =COUNTIFS('차단기 트립 진행 내역'!$P$4:$P$1048576,"대상",'차단기 트립 진행 내역'!$N$4:$N$1048576,"차단기",'차단기 트립 진행 내역'!$O$4:$O$1048576,"완료") -> 46 | S15: =P15-R15 -> 3 | T15: =R15/P15 -> 0.93877551
B16: 구분 | C16: 춘천 | D16: 양구 | E16: 홍천 | F16: 인제 | G16: 철원 | H16: 화천 | I16: 총대상 | N16: 차단기 : 자동복구 불가 차단기 | P16: =COUNTIFS('차단기 트립 진행 내역'!$P$4:$P$1048576,"대상",'차단기 트립 진행 내역'!$N$4:$N$1048576,"차단기(자동복구 불가 차단기)") -> 4 | Q16: =P16/$T$4 -> 0.033898305 | R16: =COUNTIFS('차단기 트립 진행 내역'!$P$4:$P$1048576,"대상",'차단기 트립 진행 내역'!$N$4:$N$1048576,"차단기(자동복구 불가 차단기)",'차단기 트립 진행 내역'!$O$4:$O$1048576,"완료") -> 4 | S16: =P16-R16 -> 0 | T16: =R16/P16 -> 1
B17: 불량 대상 | C17: =COUNTIF('DORS415 리비전 미완료 진행 내역'!$B$4:$B$1048576,C16) -> 112 | D17: =COUNTIF('DORS415 리비전 미완료 진행 내역'!$B$4:$B$1048576,D16) -> 39 | E17: =COUNTIF('DORS415 리비전 미완료 진행 내역'!$B$4:$B$1048576,E16) -> 63 | F17: =COUNTIF('DORS415 리비전 미완료 진행 내역'!$B$4:$B$1048576,F16) -> 46 | G17: =COUNTIF('DORS415 리비전 미완료 진행 내역'!$B$4:$B$1048576,G16) -> 12 | H17: =COUNTIF('DORS415 리비전 미완료 진행 내역'!$B$4:$B$1048576,H16) -> 23 | I17: =SUM(C17:H17) -> 295 | N17: 장비 | P17: =COUNTIFS('차단기 트립 진행 내역'!$P$4:$P$1048576,"대상",'차단기 트립 진행 내역'!$N$4:$N$1048576,"장비") -> 9 | Q17: =P17/$T$4 -> 0.076271186 | R17: =COUNTIFS('차단기 트립 진행 내역'!$P$4:$P$1048576,"대상",'차단기 트립 진행 내역'!$N$4:$N$1048576,"장비",'차단기 트립 진행 내역'!$O$4:$O$1048576,"완료") -> 8 | S17: =P17-R17 -> 1 | T17: =R17/P17 -> 0.88888889
B18: 완료 | C18: =COUNTIFS('DORS415 리비전 미완료 진행 내역'!$B$4:$B$1048576,C16,'DORS415 리비전 미완료 진행 내역'!$G$4:$G$1048576,"완료") -> 109 | D18: =COUNTIFS('DORS415 리비전 미완료 진행 내역'!$B$4:$B$1048576,D16,'DORS415 리비전 미완료 진행 내역'!$G$4:$G$1048576,"완료") -> 37 | E18: =COUNTIFS('DORS415 리비전 미완료 진행 내역'!$B$4:$B$1048576,E16,'DORS415 리비전 미완료 진행 내역'!$G$4:$G$1048576,"완료") -> 61 | F18: =COUNTIFS('DORS415 리비전 미완료 진행 내역'!$B$4:$B$1048576,F16,'DORS415 리비전 미완료 진행 내역'!$G$4:$G$1048576,"완료") -> 43 | G18: =COUNTIFS('DORS415 리비전 미완료 진행 내역'!$B$4:$B$1048576,G16,'DORS415 리비전 미완료 진행 내역'!$G$4:$G$1048576,"완료") -> 11 | H18: =COUNTIFS('DORS415 리비전 미완료 진행 내역'!$B$4:$B$1048576,H16,'DORS415 리비전 미완료 진행 내역'!$G$4:$G$1048576,"완료") -> 20 | I18: =SUM(C18:H18) -> 281 | N18: 누수 | P18: =COUNTIFS('차단기 트립 진행 내역'!$P$4:$P$1048576,"대상",'차단기 트립 진행 내역'!$N$4:$N$1048576,"누수") -> 6 | Q18: =P18/$T$4 -> 0.050847458 | R18: =COUNTIFS('차단기 트립 진행 내역'!$P$4:$P$1048576,"대상",'차단기 트립 진행 내역'!$N$4:$N$1048576,"누수",'차단기 트립 진행 내역'!$O$4:$O$1048576,"완료") -> 6 | S18: =P18-R18 -> 0 | T18: =R18/P18 -> 1
B19: 미완료 | C19: =C17-C18 -> 3 | D19: =D17-D18 -> 2 | E19: =E17-E18 -> 2 | F19: =F17-F18 -> 3 | G19: =G17-G18 -> 1 | H19: =H17-H18 -> 3 | I19: =I17-I18 -> 14 | N19: 전원선로 | P19: =COUNTIFS('차단기 트립 진행 내역'!$P$4:$P$1048576,"대상",'차단기 트립 진행 내역'!$N$4:$N$1048576,"전원선로") -> 3 | Q19: =P19/$T$4 -> 0.025423729 | R19: =COUNTIFS('차단기 트립 진행 내역'!$P$4:$P$1048576,"대상",'차단기 트립 진행 내역'!$N$4:$N$1048576,"전원선로",'차단기 트립 진행 내역'!$O$4:$O$1048576,"완료") -> 2 | S19: =P19-R19 -> 1 | T19: =R19/P19 -> 0.66666667
B20: 조치율 | C20: =C18/C17 -> 0.97321429 | D20: =D18/D17 -> 0.94871795 | E20: =E18/E17 -> 0.96825397 | F20: =F18/F17 -> 0.93478261 | G20: =G18/G17 -> 0.91666667 | H20: =H18/H17 -> 0.86956522 | I20: =I18/I17 -> 0.95254237 | N20: 불량 총대상 | P20: =SUM(P15:P19) -> 71 | R20: =SUM(R15:R19) -> 66 | S20: =SUM(S15:S19) -> 5 | T20: =R20/P20 -> 0.92957746
M23: *차단기(자동복구 불가 차단기) : ELB 사용 *장비 : 정류기,PSU(W망),LORA 불량으로 인한 절연저항 불량 *누수 : 농사용계량기 및 W망 장비 누수 *전원선로 : 공용 또는 단독 매립/공가 포설 구간
B26: 차단기 내재화 지급(총20) | C26: 사용 | D26: 이승규 | E26: 김재성 | F26: 박영모 | G26: 정주영
B27: 20 | C27: 2 | D27: 5 | E27: 5 | F27: 1 | G27: 1
M29: 특이사항 1. 농사용 계량기 차단기 : 계량기 함체 견고하지 않아 우천시 누수 예상 2. 전원함 2식 운용 : 전원함 1식 제거 후 직결처리 필요 3. 차단기 2중 사용 : 전원함이 있으나 계량기단 차단기 설치되어 계량기단 차단기 제거 필요 4. 자동복구형 차단기 미설치 : 누전차단기(ELB) 설치로 교체 5. 건물전원/산악지역의 전원선을 매립/공가 대상 우천시 잦은 트립발생(SPD 설치 예정) 6. SPD미설치 운용대상

Sheet 차단기 트립 진행 내역
A2: ■ 차단기 트립 대상 | J2: 23년6월8일~ | W2: 2회 방문 | Z2: 3회 방문 | AC2: 4회 방문 | AF2: 5회 방문 | AI2: 6회 방문 | AL2: 7회 방문 | AO2: 8회 방문 | AR2: 9회 방문 | AU2: 10회 방문
A3: 순번 | B3: 지역 | C3: 통합시설코드 | D3: 국소명 | F3: 날짜 | H3: 차단기 타입 | I3: 트립 차단기 위치 | J3: 발생건수 | K3: 차단기 상태 | L3: 절연저항 | M3: 점검진행 | N3: 불량원인 | O3: 조치결과 | P3: KEY MISSION 대상 | Q3: 조치 날짜 | R3: 조치자 | S3: 조치내역 | T3: 기타 내역 | U3: SPD설치 유무 | V3: ACTA 등록 여부 | W3: 대응자 | X3: 대응날짜 | Y3: 점검내역 | Z3: 대응자 | AA3: 대응날짜 | AB3: 점검내역 | AC3: 대응자 | AD3: 대응날짜 | AE3: 점검내역 | AF3: 대응자 | AG3: 대응날짜 | AH3: 점검내역 | AI3: 대응자 | AJ3: 대응날짜 | AK3: 점검내역 | AL3: 대응자 | AM3: 대응날짜 | AN3: 점검내역 | AO3: 대응자 | AP3: 대응날짜 | AQ3: 점검내역 | AR3: 대응자 | AS3: 대응날짜 | AT3: 점검내역 | AU3: 대응자 | AV3: 대응날짜 | AW3: 점검내역
A4: 1 | B4: 인제 | C4: 2023Z9308 | D4: LGR_NK_인제설악산용아장성_B5.56.LTE.RRH_L(NSN) | F4: 45085 | G4: 박준성 | H4: 미확인 | J4: =COUNTA(G4,W4,Z4,AC4,AF4,AI4,AL4,AO4,AR4,AU4) -> 1 | K4: 미확인 | L4: 양호 | M4: 조치완료 | N4: 양호 | O4: 완료 | P4: 대상 | Q4: 46064 | R4: BP사 | S4: 이설로 점검 불필요 | V4: 불필요
A5: 2 | B5: 인제 | C5: 200721650 | D5: 인제한계령휴게소OW.56.WCDMA.E3-NODEB(외) | F5: 45085 | G5: 이승규 | H5: 미확인 | I5: 분전반 내 W차단기 | J5: =COUNTA(G5,W5,Z5,AC5,AF5,AI5,AL5,AO5,AR5,AU5) -> 1 | K5: 미확인 | L5: 불량 | M5: 조치완료 | N5: 장비 | O5: 완료 | P5: 대상 | Q5: 46091 | R5: 이상대, 이승규 | S5: W기지국 정류기 함체 교체 후 양호, 절연저항 양호 | U5: 유 | V5: 불필요
A6: 3 | B6: 홍천 | C6: 20122A77H | D6: NK_홍천천현2_B5.56.LTE.RRH_L(NSN) | F6: 45085 | G6: 박준성 | H6: IELB | J6: =COUNTA(G6,W6,Z6,AC6,AF6,AI6,AL6,AO6,AR6,AU6) -> 1 | K6: 불량 | M6: 조치완료 | O6: 완료 | Q6: 45092 | R6: 박윤근 | S6: NIELB 30A 교체완료
A7: 4 | B7: 양구 | C7: 200939268 | D7: 양구생태식물원2WOT.56.WCDMA.TTA-W20 | F7: 45085 | G7: 박준성 | H7: IELB20 | I7: 전원함 | J7: =COUNTA(G7,W7,Z7,AC7,AF7,AI7,AL7,AO7,AR7,AU7) -> 1 | K7: 불량 | M7: 조치완료 | O7: 완료 | Q7: 45092 | R7: 박준성 | S7: NIELB 30A 교체완료
A8: 5 | B8: 춘천 | C8: 2018Z3858 | D8: LGR_NK_춘천라데나GC_MTH(B53).56.LTE.RO-MIBOS-T-L60 | F8: 45085 | G8: 이상민 | H8: ELB20 | I8: 건물측 1차 | J8: =COUNTA(G8,W8,Z8,AC8,AF8,AI8,AL8,AO8,AR8,AU8) -> 2 | K8: 양호 | M8: 조치완료 | O8: 완료 | Q8: 45128 | R8: 이상민 | S8: 유비 건물측 20A ELB 잦은 차단기 트립으로 배선용 차단기설치 및 1차 케이블 굵기불량 교체 완료 | T8: 건물측 차단기 ON (ELB) | W8: 이상민 | X8: 45117 | Y8: 차단기ON
A9: 6 | B9: 춘천 | C9: 20173A69W | D9: LGR_NK_춘천의암옥광산_B7.56.LTE.RRU_2.6G_FRHG(NSN) | F9: 45085 | G9: 이승규 | H9: 미확인 | J9: =COUNTA(G9,W9,Z9,AC9,AF9,AI9,AL9,AO9,AR9,AU9) -> 1 | K9: 불량 | M9: 조치완료 | O9: 완료 | Q9: 2025-07-03 | R9: 유비 | S9: 차단기 교체 완료
A10: 7 | B10: 춘천 | C10: 200939824 | D10: 춘천의암2터널DOR.56.WCDMA.LR-DUON5 | F10: 45085 | G10: 이승규 | H10: IGR20A | I10: 전원함 | J10: =COUNTA(G10,W10,Z10,AC10,AF10,AI10,AL10,AO10,AR10,AU10) -> 1 | K10: 미확인 | L10: 불량 | M10: 조치완료 | N10: 장비 | O10: 완료 | P10: 대상 | Q10: 46064 | R10: 박영모, 이상민 | S10: OM PSU불량으로 현재 절연저항 1MΩ이하 측정되며, 우천시 추가 불량으로 트립예상, 전원함 2식 구성 중계기로 차단기 1식 제거하여 직결처리 완료, PSU교체 후 양호 | T10: PSU(W망) | U10: 무 | V10: 불필요
A11: 8 | B11: 홍천 | C11: 2009Z3495 | D11: 홍천삼마치위에높은터DOR.56.WCDMA.OR-DUOR2 | F11: 45085 | G11: 조범신 | H11: IGR20A | J11: =COUNTA(G11,W11,Z11,AC11,AF11,AI11,AL11,AO11,AR11,AU11) -> 1 | K11: 불량 | M11: 조치완료 | O11: 완료 | Q11: 45096 | R11: 박윤근 | S11: NIELB 30A 교체완료
A12: 9 | B12: 춘천 | C12: 2006Z0953 | D12: 춘천안보2WRF.56.WCDMA.SRF-W20 | F12: 45085 | G12: 이승규 | H12: 배선용 50A | I12: 계량기함체 1차 | J12: =COUNTA(G12,W12,Z12,AC12,AF12,AI12,AL12,AO12,AR12,AU12) -> 2 | K12: 양호 | L12: 양호 | M12: 조치완료 | N12: 전원선로 | O12: 완료 | P12: 대상 | Q12: 46091 | R12: 김재성 | S12: 계량기 단배선용 차단기트립으로 절연저항 양호함, 계량기 단에서 야산으로 50m포설되어 있음 낙뇌시 순간 전압상승으로 트립이 예상되며 계량기 함에서 SPD 설치 검토 | V12: 불필요 | W12: 현규진 | X12: 45497 | Y12: 차단기ON
A13: 10 | B13: 춘천 | C13: 201131508 | D13: 춘천제이드가든RHU0.56.WCDMA.RHU-DUON20-OMHU | E13: KT선로며 절연저항은 2메가옴으로 기준양호로 미시행 | F13: 45085 | G13: 이승규 | H13: ELB30A | I13: 건물측 분전반 1차 | J13: =COUNTA(G13,W13,Z13,AC13,AF13,AI13,AL13,AO13,AR13,AU13) -> 2 | K13: 양호 | L13: 불량 | M13: 점검완료 | N13: 전원선로 | P13: 대상 | R13: 이상민 | S13: 건물측 공용차단기 절연저항값이 2MΩ이하로 장비단까지 선로구간 우천시 추가 절연저항 불량하여 트립이 예상됨 KT주관 예상으로 재포설이 필요하나 추가 트립시 현장에서 추가 점검 예정 | T13: 건물측 차단기 배선용으로 변경 필요 | V13: 불필요 | W13: 조범신 | X13: 45497 | Y13: 차단기ON
A14: 11 | B14: 춘천 | C14: 2018Z3954 | D14: LGR_NK_춘천남면관천리마을CRU.56.LTE.CRU_L10(NSN) | F14: 45088 | G14: 고득훈 | H14: 미확인 | I14: 전원함 | J14: =COUNTA(G14,W14,Z14,AC14,AF14,AI14,AL14,AO14,AR14,AU14) -> 2 | K14: 불량 | M14: 조치완료 | O14: 완료 | Q14: 45190 | R14: 고득훈 | S14: NIELB 30A 교체완료 | T14: 낙뇌로 인한 차단기 불량예상 | W14: 고득훈
A15: 12 | B15: 춘천 | C15: 200933712 | D15: 춘천제이드팰리스2WIC.56.WCDMA.ICS-WN5 | F15: 45088 | G15: 고득훈 | H15: 미확인 | J15: =COUNTA(G15,W15,Z15,AC15,AF15,AI15,AL15,AO15,AR15,AU15) -> 4 | K15: 불량 | M15: 조치완료 | O15: 완료 | Q15: 45241 | R15: 유비 | S15: 전원함속판교체 요청 (완료) | T15: 3사 공용 차단기 트립 | W15: 이승규 | X15: 45086 | Y15: 차단기ON | Z15: 이상대 | AA15: 45161 | AB15: 차단기ON | AC15: 고득훈
A16: 13 | B16: 춘천 | C16: 2010Y4025 | D16: 춘천오항내평3WMC.56.WCDMA.WAFMCB | F16: 45088 | G16: 고득훈 | H16: 미확인 | J16: =COUNTA(G16,W16,Z16,AC16,AF16,AI16,AL16,AO16,AR16,AU16) -> 2 | K16: 불량 | M16: 조치완료 | O16: 완료 | Q16: 45241 | R16: 유비 | S16: NIELB 30A 교체완료, 전원함속판교체 요청(완료) | T16: (10/27)박준성 : 농사용계량기이하 차단기 누수 발생으로 전원함으로 변경필요 | W16: 박준성 | X16: 45225 | Y16: 농사용 계량기 누수
A17: 14 | B17: 양구 | C17: 20122B3IK | D17: NK_양구고방산3_B5.56.LTE.RRH_L(NSN) | F17: 45088 | G17: 박준성 | H17: 미확인 | J17: =COUNTA(G17,W17,Z17,AC17,AF17,AI17,AL17,AO17,AR17,AU17) -> 1 | K17: 불량 | M17: 조치완료 | O17: 완료 | Q17: 45241 | R17: 유비 | S17: 전원함속판교체 요청 (완료)
A18: 15 | B18: 양구 | C18: 2010Y0360 | D18: 양구한전7025RHU0.56.WCDMA.RHU-DUON5-OMHU | F18: 45088 | G18: 이승규 | H18: 미확인 | I18: 계량기함체 1차 | J18: =COUNTA(G18,W18,Z18,AC18,AF18,AI18,AL18,AO18,AR18,AU18) -> 4 | K18: 불량 | M18: 조치완료 | O18: 완료 | Q18: 45190 | R18: 고득훈 | S18: 계량기 이하 차단기 배선용 차단기로 교체 완료 | T18: 절연저항 및 누전체크 필요하며, 전원함 쪽 체크 필요 | W18: 이승규 | X18: 45104 | Y18: 차단기ON | Z18: 이승규 | AA18: 45117 | AB18: 차단기ON | AC18: 이승규 | AD18: 45203
A19: 16 | B19: 양구 | C19: 2009Z3437 | D19: 양구웅진수인WIC.56.WCDMA.ICS-W20 | F19: 45088 | G19: 박준성 | H19: 미확인 | J19: =COUNTA(G19,W19,Z19,AC19,AF19,AI19,AL19,AO19,AR19,AU19) -> 6 | K19: 불량 | M19: 조치완료 | O19: 완료 | Q19: 45190 | R19: 고득훈 | S19: NIELB 30A 교체완료 | W19: 이승규 | X19: 45086 | Y19: 차단기ON | Z19: 이승규 | AA19: 45100 | AB19: 정류기 누전으로 교체 후 완료 | AC19: 현규진 | AD19: 45491 | AE19: 차단기 ON | AF19: 박영모 | AG19: 45490 | AH19: 차단기 ON | AI19: 한지영 | AJ19: 45510 | AK19: 차단기 ON
A20: 17 | B20: 양구 | C20: 201229069 | D20: LGR_NK_양구웅진3_B5.56.LTE.RU(NSN) | F20: 45088 | G20: 이승규 | H20: 미확인 | J20: =COUNTA(G20,W20,Z20,AC20,AF20,AI20,AL20,AO20,AR20,AU20) -> 2 | K20: 불량 | M20: 조치완료 | O20: 완료 | Q20: 45190 | R20: 고득훈 | S20: NIELB 30A 교체완료 | W20: 이승규 | X20: 45104 | Y20: 차단기ON
A21: 18 | B21: 양구 | C21: 20122B455 | D21: LGR_NK_양구선착장_B5.56.LTE.RRH_L(NSN) | F21: 45088 | G21: 이승규 | H21: 미확인 | J21: =COUNTA(G21,W21,Z21,AC21,AF21,AI21,AL21,AO21,AR21,AU21) -> 1 | K21: 불량 | M21: 조치완료 | O21: 완료 | Q21: 45241 | R21: 유비 | S21: 전원함속판교체 요청 (완료)
A22: 19 | B22: 양구 | C22: 20122A76N | D22: NK_인제가아3_B5.56.LTE.RRH_L(NSN) | F22: 45088 | G22: 고득훈 | H22: 미확인 | J22: =COUNTA(G22,W22,Z22,AC22,AF22,AI22,AL22,AO22,AR22,AU22) -> 1 | K22: 불량 | M22: 조치완료 | O22: 완료 | Q22: 45241 | R22: 유비 | S22: 전원함속판교체 요청 (완료)
A23: 20 | B23: 양구 | C23: 20122A8N7 | D23: NK_인제해안2_B5.56.LTE.RRH_L(NSN) | F23: 45088 | G23: 고득훈 | H23: 미확인 | J23: =COUNTA(G23,W23,Z23,AC23,AF23,AI23,AL23,AO23,AR23,AU23) -> 1 | K23: 불량 | M23: 조치완료 | O23: 완료 | Q23: 45241 | R23: 유비 | S23: 전원함속판교체 요청 (완료)
A24: 21 | B24: 화천 | C24: 200738186 | D24: 화천대성산DMC.56.1X.SF-DUO20 | F24: 45088 | G24: 안병걸 | H24: ELB | J24: =COUNTA(G24,W24,Z24,AC24,AF24,AI24,AL24,AO24,AR24,AU24) -> 1 | K24: 양호 | L24: 양호 | M24: 조치완료 | N24: 양호 | O24: 완료 | P24: 대상 | Q24: 46091 | R24: 김재성 | S24: 절연저항 양호 및 자동복구양호, 기존 IELB에서 IGR로 교체 확인되었으며 최근 유비 교체 예상 | T24: NIELB 교체필요 | U24: 유 | V24: 불필요
A25: 22 | B25: 인제 | C25: 200738517 | D25: 인제가아6WMC.56.WCDMA.SF-W20 | F25: 45088 | G25: 고득훈 | H25: 미확인 | J25: =COUNTA(G25,W25,Z25,AC25,AF25,AI25,AL25,AO25,AR25,AU25) -> 2 | K25: 양호 | M25: 조치완료 | O25: 완료 | Q25: 45190 | R25: 고득훈 | S25: NIELB 30A 교체완료 | W25: 선우영 | X25: 45117 | Y25: 차단기ON
A26: 23 | B26: 철원 | C26: 2009Z1854 | D26: 철원내대3WRF.56.WCDMA.SRF-W20 | F26: 45088 | G26: 안병걸 | H26: IGR20A | J26: =COUNTA(G26,W26,Z26,AC26,AF26,AI26,AL26,AO26,AR26,AU26) -> 2 | K26: 불량 | L26: 양호 | M26: 조치완료 | N26: 차단기 | O26: 완료 | P26: 대상 | Q26: 45292 | R26: 유비 | S26: 차단기 교체 완료 | V26: 불필요 | W26: 유호열 | X26: 45497 | Y26: 차단기ON
A27: 24 | B27: 철원 | C27: 20122A8GH | D27: NK_철원상사4_B5.56.LTE.RRH_L(NSN) | F27: 45088 | G27: 안병걸 | H27: IGR20A | I27: 전원함 | J27: =COUNTA(G27,W27,Z27,AC27,AF27,AI27,AL27,AO27,AR27,AU27) -> 1 | K27: 양호 | L27: 양호 | M27: 조치완료 | N27: 양호 | O27: 완료 | P27: 대상 | Q27: 46071 | R27: 김재성 | S27: 절연저항 양호, 자동복구 양호 | U27: 유 | V27: 불필요
A28: 25 | B28: 화천 | C28: 20222A20L | D28: LGR_NK_화천해산터널진입로2_B5.56.LTE.RRH_L(NSN) | F28: 45088 | G28: 안병걸 | H28: 미확인 | J28: =COUNTA(G28,W28,Z28,AC28,AF28,AI28,AL28,AO28,AR28,AU28) -> 2 | K28: 불량 | M28: 조치완료 | O28: 완료 | Q28: 45117 | R28: 안병걸 | S28: NIELB 30A 교체완료 | T28: 교체 후 재발생으로 누전 점검작업 후 양호 | W28: 안병걸 | X28: 45117 | Y28: 차단기ON
A29: 26 | B29: 화천 | C29: 201033603 | D29: 화천유촌4DOR.56.WCDMA.OR-DUO2 | F29: 45088 | G29: 안병걸 | H29: IELB20A | I29: 전원함 | J29: =COUNTA(G29,W29,Z29,AC29,AF29,AI29,AL29,AO29,AR29,AU29) -> 1 | K29: 불량 | L29: 양호 | M29: 조치완료 | N29: 차단기 | O29: 완료 | P29: 대상 | Q29: 46063 | R29: 조성룡, 김재성 | S29: 차단기 자동복구 불량으로 ACTA등록 완료(절연저항양호), 자동복구 교체 완료 및 OM PSU 절연저항 저조로 교체 완료 | V29: 완료
A30: 27 | B30: 인제 | C30: 201336444 | D30: NK_인제하늘정원펜션_B5.56.LTE.RRH_L(NSN) | F30: 45104 | G30: 선우영 | H30: IGR20A | I30: 분전함 1차 | J30: =COUNTA(G30,W30,Z30,AC30,AF30,AI30,AL30,AO30,AR30,AU30) -> 1 | K30: 양호 | M30: 조치완료 | O30: 완료 | Q30: 45241 | R30: 유비 | S30: 전원함속판교체 요청 (완료)
A31: 28 | B31: 양구 | C31: 200939423 | D31: 양구오미5WMC.56.WCDMA.SF-W20 | F31: 45104 | G31: 이승규 | H31: 미확인 | J31: =COUNTA(G31,W31,Z31,AC31,AF31,AI31,AL31,AO31,AR31,AU31) -> 1 | K31: 미확인 | M31: 조치완료 | O31: 완료 | Q31: 45241 | R31: 유비 | S31: 전원함속판교체 요청 (완료)
A32: 29 | B32: 춘천 | C32: 2009Z1312 | D32: 춘천한덕3RHU0.56.WCDMA.RHU-DUON5-MHU | F32: 45110 | G32: 현규진 | H32: IELB20A | I32: 전원함 | J32: =COUNTA(G32,W32,Z32,AC32,AF32,AI32,AL32,AO32,AR32,AU32) -> 1 | K32: 불량 | M32: 조치완료 | O32: 완료 | Q32: 45190 | R32: 고득훈 | S32: NIELB 30A 교체완료
A33: 30 | B33: 춘천 | C33: 201135200 | D33: 춘천팔미7DOR.56.WCDMA.OR-DUORC6 | F33: 45110 | G33: 박영모 | H33: IELB20A | I33: 농사용계량기 | J33: =COUNTA(G33,W33,Z33,AC33,AF33,AI33,AL33,AO33,AR33,AU33) -> 2 | K33: 양호 | L33: 양호 | M33: 조치완료 | O33: 완료 | Q33: 45110 | R33: 박영모 | S33: IELB20A, 농사용계량기 고무패킹 설치 완료 절연저항 양호, | W33: 박영모 | X33: 26년8월
A34: 31 | B34: 철원 | C34: 2018Y7925 | D34: 철원사요노동당사WMC.56.WCDMA.SF-W20 | F34: 45112 | G34: 한지영 | H34: 지능형IGR20A | I34: 전원함 | J34: =COUNTA(G34,W34,Z34,AC34,AF34,AI34,AL34,AO34,AR34,AU34) -> 1 | K34: 양호 | L34: 양호 | M34: 조치완료 | N34: 양호 | O34: 완료 | P34: 대상 | Q34: 46071 | R34: 김재성 | S34: 절연저항양호, 자동복구 양호 | U34: 유 | V34: 불필요
A35: 32 | B35: 양구 | C35: 20122B3IH | D35: LGR_NK_양구고대2_B5.56.LTE.RRH_L(NSN) | F35: 45113 | G35: 선우영 | H35: IELB20A | J35: =COUNTA(G35,W35,Z35,AC35,AF35,AI35,AL35,AO35,AR35,AU35) -> 1 | K35: 불량 | M35: 조치완료 | O35: 완료 | Q35: 45113 | R35: 선우영 | S35: IELB20A 교체 후 자동 복구 양호
A36: 33 | B36: 춘천 | C36: 20122A8JF | D36: LGR_NK_춘천유포2_B5.56.LTE.RRH_L(NSN) | F36: 45117 | G36: 이상민 | H36: IELB30A | I36: 전원함 | J36: =COUNTA(G36,W36,Z36,AC36,AF36,AI36,AL36,AO36,AR36,AU36) -> 2 | K36: 불량 | L36: 양호 | M36: 조치완료 | N36: 차단기 | O36: 완료 | P36: 대상 | Q36: 46064 | R36: 박영모, 이상민 | S36: 차단기불량으로 추가 ACTA 등록 완료(절연저항 양호), BP작업 완료 | T36: 자동복구 불량으로 남스 등록 완료 | V36: 완료 | W36: 이상민 | X36: 45525 | Y36: 차단기ON
A37: 34 | B37: 춘천 | C37: 2010Y1236 | D37: 춘천원무2WMC.56.WCDMA.SF-W20 | F37: 45117 | G37: 박영모 | H37: ELB30A | I37: 와이어블 분전반 | J37: =COUNTA(G37,W37,Z37,AC37,AF37,AI37,AL37,AO37,AR37,AU37) -> 1 | K37: 양호 | L37: 양호 | M37: 조치완료 | N37: 차단기 | O37: 완료 | P37: 대상 | Q37: 46066 | R37: 박영모, 이상민 | S37: SKT 전원함 내 IELB 자동복구 불량 및 W망 ELB수용되어 있어 IGR변경 및 W망 수용 후 완료 | T37: 와이어블 분전반 단 발생시 직결처리 예정 | U37: 유 | V37: 불필요
A38: 35 | B38: 춘천 | C38: 200635057 | D38: 춘천정족2WMC.56.WCDMA.SF-W20 | F38: 45117 | G38: 박영모 | H38: IGR20A | I38: 전원함 | J38: =COUNTA(G38,W38,Z38,AC38,AF38,AI38,AL38,AO38,AR38,AU38) -> 1 | K38: 불량 | M38: 조치완료 | O38: 완료 | Q38: 45117 | R38: 박영모 | S38: IGR불량으로 IELB교체 양호
A39: 36 | B39: 춘천 | C39: 20193B6TI | D39: EL_춘천우두LH2차지하1_IRO_IB(B5W).56.LTE.RO-IRO-D( | F39: 45117 | G39: 정민석 | H39: 배선용30A | I39: 통합분전반 | J39: =COUNTA(G39,W39,Z39,AC39,AF39,AI39,AL39,AO39,AR39,AU39) -> 1 | K39: 양호 | L39: 양호 | M39: 조치완료 | N39: 양호 | O39: 완료 | P39: 대상 | Q39: 46078 | R39: 이상민 | S39: 인빌딩내 배선용차단기로 절연저항양호하며, '23년 당시 전기작업으로 인한 OFF 예상, 23년 이후 미발생 | U39: 유 | V39: 불필요
A40: 37 | B40: 춘천 | C40: 20122B3LX | D40: LGR_NK_춘천오항산막골_B5.56.LTE.RRH_L(NSN) | F40: 45117 | G40: 이상민 | H40: IELB20A | I40: 계량기함체 1차 | J40: =COUNTA(G40,W40,Z40,AC40,AF40,AI40,AL40,AO40,AR40,AU40) -> 2 | K40: 양호 | M40: 조치완료 | O40: 완료 | Q40: 45241 | R40: 유비 | S40: 우천시 잦은차단기 트립이며 계량기함체, 전원함체 IELB 2중 설치로 계량기 함체 차단기 제거 후 직결, 전원함속판교체 완료 | W40: 이승규
A41: 38 | B41: 춘천 | C41: 20202A53R | D41: LGR_NK_춘천오항내평2_B5.56.LTE.RRH_L(NSN) | F41: 45124 | G41: 이상민 | H41: IGR20A 지능형 | I41: 1차 분전반 | J41: =COUNTA(G41,W41,Z41,AC41,AF41,AI41,AL41,AO41,AR41,AU41) -> 1 | K41: 양호 | M41: 조치완료 | O41: 완료 | T41: 차단기 상태 수동으로 자동변경후 TEST시 자동복구 양호
A42: 39 | B42: 춘천 | C42: 20163A3QN | D42: LGR_NK_춘천남산휘슬링락1_B3.56.LTE.RRU_FHEB(NSN) | F42: 45124 | G42: 이상민 | H42: ELB30A | I42: 와이어블 분전반 | J42: =COUNTA(G42,W42,Z42,AC42,AF42,AI42,AL42,AO42,AR42,AU42) -> 1 | K42: 불량 | M42: 조치완료 | O42: 완료 | Q42: 45124 | R42: 이상민 | S42: 와이어블 차단기 불량이며, ELB 2중으로 와이어블 차단기 직결 및 2차측 전원함 ELB를 IELB로 변경 | T42: 추가 모니터링
A43: 40 | B43: 철원 | C43: 20173A94W | D43: NK_철원담터계곡5_B3.56.LTE.RRU_FHEB(NSN) | F43: 45133 | G43: 유호열 | H43: IGR20 | I43: 전원함 | J43: =COUNTA(G43,W43,Z43,AC43,AF43,AI43,AL43,AO43,AR43,AU43) -> 2 | K43: 불량 | M43: 조치완료 | O43: 완료 | Q43: 45124 | R43: 가나 | S43: 차단기 교체 완료 | T43: 자동복구 TEST 양호 | W43: 유호열 | X43: 45806 | Y43: 차단기 ON
A44: 41 | B44: 철원 | C44: 2006Z0886 | D44: 철원용화WMC.56.WCDMA.SF-W20 | F44: 45133 | G44: 한지영 | H44: IELB20A | I44: 1차 분전반 | J44: =COUNTA(G44,W44,Z44,AC44,AF44,AI44,AL44,AO44,AR44,AU44) -> 2 | K44: 미확인 | M44: 조치완료 | O44: 완료 | Q44: 45241 | R44: 유비 | S44: 전원함속판교체 요청 (완료) | T44: 남스등록 완료 및 절연저항 측정예정 | W44: 유호열 | X44: 45138 | Y44: 차단기ON
A45: 42 | B45: 춘천 | C45: 2006Z3487 | D45: 춘천수인터널WMC.56.WCDMA.SF-W20 | F45: 45138 | G45: 박영모 | H45: IELB20A | J45: =COUNTA(G45,W45,Z45,AC45,AF45,AI45,AL45,AO45,AR45,AU45) -> 1 | K45: 양호 | L45: 양호 | M45: 조치완료 | N45: 차단기 | O45: 완료 | P45: 대상 | Q45: 46064 | R45: 박영모, 이상민 | S45: 자동복구 불량으로 차단기 교체 완료, 전원함 2식으로 1식 불필요하여 제거 및 직결처리 완료 | V45: 불필요
A46: 43 | B46: 인제 | C46: 2010Y1243 | D46: 인제개인약수5RHU1-2.56.WCDMA.RHU-DUON5 | F46: 45149 | G46: 선우영 | H46: IELB20A | I46: 계량기함체 1차 | J46: =COUNTA(G46,W46,Z46,AC46,AF46,AI46,AL46,AO46,AR46,AU46) -> 2 | K46: 불량 | M46: 조치완료 | O46: 완료 | Q46: 45210 | R46: 박준성 | S46: NIELB 30A 교체완료 | W46: 고득훈 | X46: 45163 | Y46: 차단기ON
A47: 44 | B47: 춘천 | C47: 20223AI7C | D47: EL_춘천우두코아루정문_B3.56.LTE.RRUS13(ELG) | F47: 45149 | G47: 박영모 | H47: IGR30A | I47: 1차 분전반 | J47: =COUNTA(G47,W47,Z47,AC47,AF47,AI47,AL47,AO47,AR47,AU47) -> 1 | L47: 양호 | M47: 조치완료 | N47: 양호 | O47: 완료 | P47: 대상 | Q47: 46065 | R47: 박영모, 이상민 | S47: 절연저항 및 차단기 자동복구 양호, 추가 모니터링 | U47: 유 | V47: 불필요
A48: 45 | B48: 춘천 | C48: 200635082 | D48: 춘천만천3WMC.56.WCDMA.SF-W20 | F48: 45161 | G48: 박영모 | H48: IELB30 A | I48: 전원함내 | J48: =COUNTA(G48,W48,Z48,AC48,AF48,AI48,AL48,AO48,AR48,AU48) -> 2 | K48: 양호 | L48: 양호 | M48: 조치완료 | N48: 차단기 | O48: 완료 | P48: 대상 | Q48: 46066 | R48: 박영모, 이상민 | S48: IELB 자동복구불량으로 교체 요청, SPD 없음 | U48: 무 | V48: 완료 | W48: 박영모 | X48: 45497 | Y48: 차단기ON 수동에서 자동 변경
A49: 46 | B49: 춘천 | C49: 2007Z5415 | D49: 춘천현대3차WMC.56.WCDMA.SF-W20 | E49: 구축필요 | F49: 45161 | G49: 박영모 | H49: ELB20A | I49: 건물 3사 공용 차단기 | J49: =COUNTA(G49,W49,Z49,AC49,AF49,AI49,AL49,AO49,AR49,AU49) -> 1 | K49: 미확인 | L49: 양호 | M49: 조치완료 | N49: 차단기 | O49: 완료 | P49: 대상 | Q49: 46078 | R49: 이상민 | S49: 절연저항은 양호하나 우천시 5층 ELB차단기 잦은 트립으로 배선용으로 교체 요청 완료(3사 공용 차단기), BP차단기 교체 완료 | U49: 유 | V49: 완료
A50: 47 | B50: 춘천 | C50: 20122A794 | D50: LGR_NK_춘천고성2_B5.56.LTE.RRH_L(NSN) | F50: 45161 | G50: 이상민 | H50: ELB20A | I50: 계량기함체 1차 | J50: =COUNTA(G50,W50,Z50,AC50,AF50,AI50,AL50,AO50,AR50,AU50) -> 2 | K50: 불량 | L50: 양호 | M50: 조치완료 | N50: 차단기 | O50: 완료 | P50: 대상 | Q50: 46065 | R50: 박영모, 이상민 | S50: 남스등록 완료 계량기 단 누전차단기에서 배선용으로 교체 요청 완료(중계기 까지 대략 30m포설), BP 차단기 교체 완료 | U50: 유 | V50: 완료 | W50: 고득훈 | X50: 45234 | Y50: 차단기ON
A51: 48 | B51: 춘천 | C51: 20153A24S | D51: EL_CAM_춘천퇴계주공3단지2_MTH(B53).56.LTE.RO-MIBOS | F51: 45161 | G51: 박영모 | H51: IGR20A | I51: 1차 분전반 | J51: =COUNTA(G51,W51,Z51,AC51,AF51,AI51,AL51,AO51,AR51,AU51) -> 1 | K51: 양호 | L51: 양호 | M51: 조치완료 | N51: 양호 | O51: 완료 | P51: 대상 | Q51: 46078 | R51: 이상민 | S51: 절연저항 양호 및 자동복구 양호(모니터링) | U51: 유 | V51: 불필요
A52: 49 | B52: 춘천 | C52: 200635054 | D52: 춘천증리WMC.56.WCDMA.SF-W20 | F52: 45162 | G52: 박영모 | H52: IELB30A | I52: 1차 분전반 | J52: =COUNTA(G52,W52,Z52,AC52,AF52,AI52,AL52,AO52,AR52,AU52) -> 2 | K52: 양호 | M52: 조치완료 | O52: 완료 | Q52: 45153 | R52: 고득훈 | S52: 자동복구 차단기 이하 제거 양호하며 케이블 좌우 변경 후 자동복구 양호, 전원함속판교체 요청 | W52: 고득훈 | X52: 45163 | Y52: 차단기ON
A53: 50 | B53: 철원 | C53: 20163A4LV | D53: NK_철원도창리3_B3.56.LTE.RRU_FHEB(NSN) | F53: 45162 | G53: 유호열 | H53: IELB20A | I53: 1차 분전반 | J53: =COUNTA(G53,W53,Z53,AC53,AF53,AI53,AL53,AO53,AR53,AU53) -> 1 | K53: 불필요 | M53: 조치완료 | O53: 완료 | Q53: 45241 | R53: 유비 | S53: 전원함속판교체 요청 (완료)
A54: 51 | B54: 춘천 | C54: 200939766 | D54: 춘천금산과수원마을WMC.56.WCDMA.SF-W20 | F54: 45169 | G54: 이상민 | H54: IELB20A | I54: 계량기함체 1차 | J54: =COUNTA(G54,W54,Z54,AC54,AF54,AI54,AL54,AO54,AR54,AU54) -> 2 | K54: 불량 | M54: 조치완료 | O54: 완료 | Q54: 45169 | R54: 이상민 | S54: 우천시 잦은차단기 트립이며 계량기함체, 전원함체 IELB 2중 설치로 계량기 함체 차단기 제거 후 직결 | T54: 계량기단 차단기 불량 | W54: 이상민 | X54: 45163 | Y54: 차단기ON
A55: 52 | B55: 춘천 | C55: 20122A8IH | D55: LGR_NK_춘천금산4_B5.56.LTE.RRH_L(NSN) | F55: 45179 | G55: 이상민 | H55: IELB20A | I55: 전원함 내 | J55: =COUNTA(G55,W55,Z55,AC55,AF55,AI55,AL55,AO55,AR55,AU55) -> 2 | K55: 불량 | L55: 양호 | M55: 조치완료 | N55: 차단기 | O55: 완료 | P55: 대상 | Q55: 46078 | R55: 이상민 | S55: 중계기 이설로 전원함 신설 및 절연저항 양호, 자동복구 양호 (NIELB 20A 사용) | U55: 유 | V55: 불필요 | W55: 박준성 | X55: 45163 | Y55: 차단기ON
A56: 53 | B56: 인제 | C56: 20122B3FH | D56: NK_인제소치청학사_B5.56.LTE.RRH_L(NSN) | F56: 45179 | G56: 박준성 | J56: =COUNTA(G56,W56,Z56,AC56,AF56,AI56,AL56,AO56,AR56,AU56) -> 1 | K56: 양호 | M56: 조치완료 | O56: 완료 | Q56: 45189 | R56: 박준성 | S56: NIELB 30A 교체완료
A57: 54 | B57: 홍천 | C57: 20122B3TM | D57: LGR_NK_홍천두미3_B5.56.LTE.RRH_L(NSN) | F57: 45179 | G57: 박준성 | H57: NIELB30A | I57: 전원함 내 | J57: =COUNTA(G57,W57,Z57,AC57,AF57,AI57,AL57,AO57,AR57,AU57) -> 2 | K57: 양호 | M57: 진행중 | O57: 완료 | Q57: 45179 | R57: 박윤근 | S57: NIELB 30A 교체완료, 자동복구 양호하였으나 잦은 발생 | U57: 무 | W57: 조범신 | X57: 46249 | Y57: 차단기ON
A58: 55 | B58: 인제 | C58: 200738133 | D58: 인제천도3WRF.56.WCDMA.SRF-W15 | F58: 45179 | G58: 박준성 | J58: =COUNTA(G58,W58,Z58,AC58,AF58,AI58,AL58,AO58,AR58,AU58) -> 1 | M58: 조치완료 | O58: 완료 | Q58: 45241 | R58: 유비 | S58: 전원함속판교체 요청 (완료)
A59: 56 | B59: 양구 | C59: 20213A6ED | D59: LGR_NK_양구여중고부대방향_B3.56.LTE.RRU_FHEB(NSN) | F59: 45179 | G59: 박준성 | J59: =COUNTA(G59,W59,Z59,AC59,AF59,AI59,AL59,AO59,AR59,AU59) -> 1 | M59: 조치완료 | O59: 완료 | Q59: 45241 | R59: 유비 | S59: 전원함속판교체 요청 (완료)
A60: 57 | B60: 양구 | C60: 2006Z3598 | D60: 양구월명3WMC.56.WCDMA.SF-W15 | F60: 45195 | G60: 이승규 | H60: IELB20A | I60: 전원함 내 | J60: =COUNTA(G60,W60,Z60,AC60,AF60,AI60,AL60,AO60,AR60,AU60) -> 1 | K60: 양호 | L60: 양호 | M60: 조치완료 | N60: 차단기 | O60: 완료 | P60: 대상 | Q60: 46070 | R60: 김기현 | S60: 절연저항양호, 차단기 자동복구 양호, 최근 속판교체 예상 | T60: 최근 차단기 자동복구 불가 대상임 | U60: 유 | V60: 불필요
A61: 58 | B61: 철원 | C61: 200738661 | D61: 철원생창WMC.56.WCDMA.SF-W20 | F61: 45210 | G61: 유호열 | H61: IGR20A | I61: 전원함 | J61: =COUNTA(G61,W61,Z61,AC61,AF61,AI61,AL61,AO61,AR61,AU61) -> 2 | K61: 불량 | L61: 양호 | M61: 조치완료 | N61: 양호 | O61: 완료 | P61: 대상 | Q61: 46071 | R61: 김재성 | S61: 절연저항양호 자독복구 양호 | U61: 무 | V61: 불필요 | W61: 유호열
A62: 59 | B62: 양구 | C62: 20193B4BS | D62: NK_양구가오작3_B5.56.LTE.RRH_L(NSN) | F62: 45210 | G62: 김재성 | H62: IGR20A | I62: 전원함 내 | J62: =COUNTA(G62,W62,Z62,AC62,AF62,AI62,AL62,AO62,AR62,AU62) -> 2 | K62: 불량 | L62: 양호 | M62: 조치완료 | N62: 양호 | O62: 완료 | P62: 대상 | Q62: 46071 | R62: 이상대 | S62: 절연저항 양호 차단기 교체 자동복구 양호, 차단기 교체 예상됨 | U62: 유 | V62: 불필요 | W62: 이승규
A63: 60 | B63: 춘천 | C63: 2013Z2680 | D63: LGR_NK_춘천신동남춘천CC2_B5.56.LTE.RRH_L(NSN) | F63: 45226 | G63: 고득훈 | H63: SIB-30H | I63: 한기 분전반내 차단기 | J63: =COUNTA(G63,W63,Z63,AC63,AF63,AI63,AL63,AO63,AR63,AU63) -> 1 | K63: 불량 | M63: 조치완료 | O63: 완료 | Q63: 45513 | R63: 고득훈 | S63: IELB 20A로 교체 완료 | T63: 한기 분전반내 차단기 제거 직결 필요
A64: 61 | B64: 홍천 | C64: 20123ADL8 | D64: NK_홍천괘석달음재2_B5.56.LTE.RRH_L(NSN) | F64: 45230 | G64: 김기현 | H64: IELB20A | I64: 전원함 내 | J64: =COUNTA(G64,W64,Z64,AC64,AF64,AI64,AL64,AO64,AR64,AU64) -> 1 | K64: 양호 | M64: 조치완료 | O64: 완료 | Q64: 45241 | R64: 유비 | S64: 전원함속판교체 요청 (완료)
A65: 62 | B65: 양구 | C65: 20212AFNT | D65: LGR_NK_양구상리전원주택_B3.56.LTE.RRU_FHEB(NSN) | F65: 45234 | G65: 이승규 | H65: IGR30A | I65: 전원함내(SPD 설치) | J65: =COUNTA(G65,W65,Z65,AC65,AF65,AI65,AL65,AO65,AR65,AU65) -> 1 | K65: 양호 | L65: 양호 | M65: 조치완료 | N65: 양호 | O65: 완료 | P65: 대상 | Q65: 46070 | R65: 김기현 | S65: 절연저항 양호 및 자동복구 양호(모니터링) | T65: 전원함내 ABE32B 배선용 차단기 OFF, 낙뇌 예상 되고 배선용 직결 검토 | U65: 유 | V65: 불필요
A66: 63 | B66: 양구 | C66: 20193AFM3 | D66: NK_양구적리7025부대_DB13.56.LTE.RRU(0120)_AHEGA(NS | F66: 45234 | G66: 이승규 | H66: IELB20A | J66: =COUNTA(G66,W66,Z66,AC66,AF66,AI66,AL66,AO66,AR66,AU66) -> 1 | K66: 미확인 | L66: 양호 | M66: 조치완료 | N66: 양호 | O66: 완료 | P66: 대상 | Q66: 46091 | R66: 김기현 | S66: 절연저항양호 자독복구 양호 | U66: 유 | V66: 불필요
A67: 64 | B67: 춘천 | C67: 2009Z1836 | D67: 춘천팔미5WMC.56.WCDMA.SF-W20 | F67: 45234 | G67: 박영모 | H67: IELB20A | I67: 농사용계량기 | J67: =COUNTA(G67,W67,Z67,AC67,AF67,AI67,AL67,AO67,AR67,AU67) -> 1 | K67: 불량 | M67: 조치완료 | O67: 완료 | Q67: 45244 | R67: 이상대 | S67: NIELB 30A 교체완료하였으며 농사용계량기 이하 직결 작업 필요 | T67: 농사용계량기 전원함 직결 필요
A68: 65 | B68: 화천 | C68: 20163A3LR | D68: KTR_NK_화천신읍2교_MTH(B53).56.LTE.RO-MIBOS-T-L60 | F68: 45234 | G68: 조성룡 | H68: IELB20A | I68: 전원함 내 | J68: =COUNTA(G68,W68,Z68,AC68,AF68,AI68,AL68,AO68,AR68,AU68) -> 1 | K68: 불량 | M68: 조치완료 | O68: 완료 | R68: 이상대 | S68: 차단기 교체 완료
A69: 66 | B69: 화천 | C69: 2006Z3407 | D69: 화천계성2WMC.56.WCDMA.SF-W20 | F69: 45234 | G69: 조성룡 | J69: =COUNTA(G69,W69,Z69,AC69,AF69,AI69,AL69,AO69,AR69,AU69) -> 1 | M69: 조치완료 | O69: 완료 | Q69: 45241 | R69: 유비 | S69: 전원함속판교체 요청 (완료)
A70: 67 | B70: 양구 | C70: 20173A6GH | D70: LGR_NK_양구군량3_B7.56.LTE.RRU_2.6G_FRHG(NSN) | F70: 45246 | G70: 이승규 | H70: IELB20A | I70: 전원함 내 | J70: =COUNTA(G70,W70,Z70,AC70,AF70,AI70,AL70,AO70,AR70,AU70) -> 1 | K70: 양호 | L70: 양호 | M70: 조치완료 | N70: 양호 | O70: 완료 | P70: 대상 | Q70: 46070 | R70: 김기현 | S70: 절연저항 양호 및 자동복구 양호(모니터링) | T70: 차단기 OUT AC불량으로 차단기 OFF -> ON 후 양호 | U70: 유 | V70: 불필요
A71: 68 | B71: 양구 | C71: 20173A66V | D71: LGR_NK_양구웅진노도유격장_B7.56.LTE.RRU_2.6G_FRHG( | F71: 45246 | G71: 이승규 | H71: NFB차단기(배선) | I71: 농사용계량기 | J71: =COUNTA(G71,W71,Z71,AC71,AF71,AI71,AL71,AO71,AR71,AU71) -> 2 | K71: 양호 | L71: 불량 | M71: 조치완료 | N71: 장비 | O71: 완료 | P71: 대상 | Q71: 46070 | R71: 김기현 | S71: 자동복구 양호, 절연저항 우리정류기 구간 절연저항 불량으로 교체 예정 | T71: 1차 농사용계량기 차단기 트립, 2차 IELB차단기 트립, 정류기 | U71: 유 | V71: 불필요 | W71: 이승규
A72: 69 | B72: 철원 | C72: 20213A6ED | D72: LGR_NK_양구여중고부대방향_B3.56.LTE.RRU_FHEB(NSN) | F72: 45267 | G72: 유호열 | H72: IELB20A | I72: 전원함 내 | J72: =COUNTA(G72,W72,Z72,AC72,AF72,AI72,AL72,AO72,AR72,AU72) -> 1 | K72: 양호 | M72: 조치완료 | O72: 완료 | R72: 유호열 | S72: 자동복구 차단기 수동으로 자동 변경 후 양호
A73: 70 | B73: 홍천 | C73: 20153A92G | D73: LGR_NK_홍천월천_B3.56.LTE.RRU_FHEB(NSN) | E73: 구축필요 | F73: 45487 | G73: 유호열 | H73: 미확인 | I73: 미확인 | J73: =COUNTA(G73,W73,Z73,AC73,AF73,AI73,AL73,AO73,AR73,AU73) -> 1 | K73: 불량 | L73: 양호 | M73: 조치완료 | N73: 차단기 | O73: 완료 | P73: 대상 | Q73: 46070 | R73: 김진희 | S73: 차단기 불량으로 인한 절연저항 불량으로 ACTA 등록 완료,, BP차단기 교체 완료 | U73: 유 | V73: 미등록
A74: 71 | B74: 홍천 | C74: 20153A6IH | D74: LGR_NK_홍천남면월천리_WLME(B31).56.WCDMA.RO-MIBOS- | F74: 45487 | G74: 유호열 | H74: IGR | I74: 계량기함체 1차 | J74: =COUNTA(G74,W74,Z74,AC74,AF74,AI74,AL74,AO74,AR74,AU74) -> 1 | K74: 미확인 | L74: 양호 | M74: 조치완료 | N74: 양호 | O74: 완료 | P74: 대상 | Q74: 46092 | R74: 이상대 | S74: 절연저항 양호 및 자동복구 양호 | U74: 유 | V74: 불필요
A75: 72 | B75: 춘천 | C75: 2015Z3723 | D75: LGR_NK_춘천산요수CC_B5.56.LTE.RRH_L(NSN) | F75: 45487 | G75: 박영모 | H75: IELB20A | I75: 전원함 내 | J75: =COUNTA(G75,W75,Z75,AC75,AF75,AI75,AL75,AO75,AR75,AU75) -> 2 | K75: 불량 | M75: 조치완료 | O75: 완료 | Q75: 45510 | R75: 박영모 | S75: 와이어블 분전한 IELB 직결, 전원함 차단기 불량으로 교체 완료 | W75: 박영모 | X75: 45510 | Y75: 차단기교체
A76: 73 | B76: 철원 | C76: 20122A7HV | D76: KTR_NK_철원정연_B5.56.LTE.RRH_L(NSN) | F76: 45487 | G76: 유호열 | H76: IELB20A | J76: =COUNTA(G76,W76,Z76,AC76,AF76,AI76,AL76,AO76,AR76,AU76) -> 2 | K76: 미확인 | L76: 양호 | M76: 조치완료 | N76: 차단기 | O76: 완료 | P76: 대상 | Q76: 46076 | R76: 김재성 | S76: 절연저항 양호 및 자동복구 양호(모니터링), 전원함 2식 , BP사 차단기 교체 완료 | U76: 유 | V76: 완료 | W76: 유호열 | X76: 45510 | Y76: 차단기 ON
A77: 74 | B77: 춘천 | C77: 2021Y9355 | D77: EL_CAM_춘천도화골사거리_B7.56.LTE.RRU_2.6G_R2212(E | F77: 45487 | G77: 고득훈 | H77: 미확인 | I77: 전원함 내 | J77: =COUNTA(G77,W77,Z77,AC77,AF77,AI77,AL77,AO77,AR77,AU77) -> 1 | K77: 양호 | M77: 조치완료 | O77: 완료 | Q77: 45510 | R77: 고득훈 | S77: AAU 정류기 불량으로 교체 후 양호
A78: 75 | B78: 춘천 | C78: 20122A78J | D78: LGR_NK_춘천감정2OL_B5.56.LTE.RU(NSN) | E78: 전원함 교체로 불가, 유비교체 예정 | F78: 45491 | G78: 박영모 | H78: 미확인 | J78: =COUNTA(G78,W78,Z78,AC78,AF78,AI78,AL78,AO78,AR78,AU78) -> 2 | K78: 미확인 | L78: 양호 | M78: 조치완료 | N78: 차단기(자동복구 불가 차단기) | O78: 완료 | P78: 대상 | Q78: 46065 | R78: 박영모, 이상민 | S78: 기지국으로 문어발식 및 계량기 전원선 노후로 ACTA등록 완료, 구형 전원함내 ELB차단기 자동복구형으로 3식 교체 완료 | U78: 유 | V78: 완료 | W78: 박영모 | X78: 46213 | Y78: 절연저항 불량으로 정류기 AC OUT 단 제거후 자동복구 양호
A79: 76 | B79: 화천 | C79: 2018Z4089 | D79: KTR_NK_화천27사단명월사격장_B3.56.LTE.RRU_FHEB(NSN | F79: 45491 | G79: 안병걸 | H79: 미확인 | J79: =COUNTA(G79,W79,Z79,AC79,AF79,AI79,AL79,AO79,AR79,AU79) -> 1 | K79: 미확인 | L79: 양호 | M79: 조치완료 | N79: 차단기 | O79: 완료 | P79: 대상 | Q79: 46077 | R79: 김재성 | S79: 절연저항 앙호하며, 자동복구 불량으로 ACTA등록 완료 | V79: 완료
A80: 77 | B80: 홍천 | C80: 2009Z3919 | D80: 홍천속초원포WIC.56.WCDMA.ICS-W5 | F80: 45491 | G80: 한지영 | H80: IELB20A | I80: 전원함 내 | J80: =COUNTA(G80,W80,Z80,AC80,AF80,AI80,AL80,AO80,AR80,AU80) -> 1 | K80: 불량 | M80: 조치완료 | O80: 완료 | Q80: 45491 | R80: 한지영 | S80: 불량으로 교체 후 양호
A81: 78 | B81: 홍천 | C81: 20163A3W2 | D81: LGR_NK_홍천금학산_B3.56.LTE.RRU_FHEB(NSN) | F81: 45491 | G81: 한지영 | H81: ELB20A | I81: 전원함 내 | J81: =COUNTA(G81,W81,Z81,AC81,AF81,AI81,AL81,AO81,AR81,AU81) -> 1 | K81: 양호 | L81: 양호 | M81: 조치완료 | N81: 차단기(자동복구 불가 차단기) | O81: 완료 | P81: 대상 | Q81: 46070 | R81: 김진희 | S81: 구형전원함 ELB차단기로 전원함 교체 요청 완료, ELB차단기로 교체 완료 및 접지저항 측정 양호 | T81: IGR 또는 IELB 교체 필요 | U81: 무 | V81: 완료
A82: 79 | B82: 춘천 | C82: 2012Z6763 | D82: LGR_NK_춘천자연휴양림_B5.56.LTE.RRH_L(NSN) | F82: 45491 | G82: 박영모 | H82: ELB20A | I82: 전원함 | J82: =COUNTA(G82,W82,Z82,AC82,AF82,AI82,AL82,AO82,AR82,AU82) -> 1 | K82: 양호 | L82: 양호 | M82: 조치완료 | N82: 차단기(자동복구 불가 차단기) | O82: 완료 | P82: 대상 | Q82: 46064 | R82: 박영모, 이상민 | S82: 절연저항 양호하며, 기존 IGR불량으로 임시 ELB교체되어 자동복구차단기 교체 요청 완료, 자동복구 차단기 교체 완료 | T82: IGR 또는 IELB 교체 필요 | V82: 완료
A83: 80 | B83: 춘천 | C83: 2015Z9194 | D83: LGR_NK_춘천오항리종점_B3.56.LTE.CRU_L10(NSN) | F83: 45491 | G83: 박영모 | H83: IELB20A | I83: 전원함 내 | J83: =COUNTA(G83,W83,Z83,AC83,AF83,AI83,AL83,AO83,AR83,AU83) -> 1 | K83: 양호 | L83: 양호 | M83: 조치완료 | N83: 누수 | O83: 완료 | P83: 대상 | Q83: 46064 | R83: 박영모, 이상민 | S83: CRU장비로 농사용계량기 IELB20A ~ 전주 중간 ELB차단기 농사용 계량기단 누수 개선 검토 중, 고무패킹 설치 완료 | V83: 불필요
A84: 81 | B84: 춘천 | C84: 20122B3LX | D84: LGR_NK_춘천오항산막골_B5.56.LTE.RRH_L(NSN) | F84: 45491 | G84: 박영모 | H84: EZ30A | I84: 전원함 내 | J84: =COUNTA(G84,W84,Z84,AC84,AF84,AI84,AL84,AO84,AR84,AU84) -> 1 | K84: 양호 | L84: 양호 | M84: 조치완료 | N84: 차단기 | O84: 완료 | P84: 대상 | Q84: 46064 | R84: BP사 | S84: 전원함 속판교체 완료(절연저항 양호) | T84: IGR 또는 IELB 교체 필요 | V84: 불필요
A85: 82 | B85: 화천 | C85: 20163A4IV | D85: LGR_NK_화천해산터널2_B3.56.LTE.RRU_FHEB(NSN) | F85: 45491 | G85: 안병걸 | H85: ELB50A | I85: 계량기 함체 | J85: =COUNTA(G85,W85,Z85,AC85,AF85,AI85,AL85,AO85,AR85,AU85) -> 4 | K85: 양호 | M85: 조치완료 | O85: 완료 | S85: 1차메인 50A 누전차단기를 NFB로 변경 완료 | T85: 1차메인 50A 누전차단기를 NFB로 변경 | W85: 안병걸 | X85: 45510 | Y85: 차단기 ON | Z85: 안병걸 | AA85: 45510 | AB85: 차단기 ON | AC85: 안병걸 | AD85: 45510 | AE85: 차단기 ON
A86: 83 | B86: 춘천 | C86: 201621141 | D86: LGR_NK_춘천용산4_B5.56.LTE.RRH_L(NSN) | F86: 45491 | G86: 유호열 | H86: IELB30A | I86: 전원함 내 | J86: =COUNTA(G86,W86,Z86,AC86,AF86,AI86,AL86,AO86,AR86,AU86) -> 1 | K86: 불량 | L86: 양호 | M86: 조치완료 | N86: 차단기 | O86: 완료 | P86: 대상 | Q86: 46065 | R86: 박영모, 이상민 | S86: 차단기불량으로 추가 ACTA 등록 완료(절연저항 양호), BP작업 완료 | V86: 완료
A87: 84 | B87: 철원 | C87: 20173A61D | D87: KTR_NK_철원자등포레스트2_B3.56.LTE.RRU_FHEB(NSN) | F87: 45491 | G87: 유호열 | H87: IGR20A | I87: 계량기함체 | J87: =COUNTA(G87,W87,Z87,AC87,AF87,AI87,AL87,AO87,AR87,AU87) -> 3 | K87: 불량 | L87: 양호 | M87: 조치완료 | N87: 차단기 | O87: 완료 | P87: 대상 | Q87: 2024년 | R87: 유비 | S87: 차단기 교체 완료 | T87: IELB 차단기 누수로 자동복구 불량으로 교체 | V87: 불필요 | W87: 유호열 | X87: 45510 | Y87: 차단기교체 | Z87: 유호열 | AA87: 45895 | AB87: 차단기ON
A88: 85 | B88: 철원 | C88: 20122A784 | D88: KTR_NK_철원갈말중앙아파트_B5.56.LTE.RRH_L(NSN) | F88: 45491 | G88: 유호열 | H88: IGR20A | I88: 전원함 내 | J88: =COUNTA(G88,W88,Z88,AC88,AF88,AI88,AL88,AO88,AR88,AU88) -> 1 | K88: 양호 | L88: 양호 | M88: 조치완료 | N88: 양호 | O88: 완료 | P88: 대상 | Q88: 46077 | R88: 김재성 | S88: 절연저항 및 차단기 자동복구 양호, 추가 모니터링 | U88: 유 | V88: 불필요
A89: 86 | B89: 철원 | C89: 20183ACDH | D89: KTR_NK_철원갈말농공_B5.56.LTE.RRH_L(NSN) | F89: 45491 | G89: 유호열 | H89: IELB30A | I89: 전원함 내 | J89: =COUNTA(G89,W89,Z89,AC89,AF89,AI89,AL89,AO89,AR89,AU89) -> 1 | K89: 양호 | L89: 양호 | M89: 조치완료 | N89: 차단기 | O89: 완료 | P89: 대상 | Q89: 46066 | R89: 조성룡 | S89: 전원함내 차단기 자동복구 불량으로 교체 요청 완료, BP사 차단기 교체 완료 | U89: 무 | V89: 완료
A90: 87 | B90: 양구 | C90: 20122A86M | D90: LGR_NK_양구웅진터널_B5.56.LTE.RRH_L(NSN) | F90: 45491 | G90: 박영모 | H90: IELB20A | I90: 전원함 내 | J90: =COUNTA(G90,W90,Z90,AC90,AF90,AI90,AL90,AO90,AR90,AU90) -> 1 | K90: 양호 | L90: 불량 | M90: 조치완료 | N90: 장비 | O90: 완료 | P90: 대상 | Q90: 46071 | R90: 이상대 | S90: LORA장비 절연저항 불량으로 교체 예정, 차단기자동복구 불량으로 ACTA 등록 완료 | T90: LORA장비, 차단기 | U90: 유 | V90: 불필요
A91: 88 | B91: 춘천 | C91: 20163A4KM | D91: LGR_NK_춘천남면더존단지3_B3.56.LTE.RRU_FHEB(NSN) | E91: 완료 | F91: 45497 | G91: 정민석 | H91: ELB20A | I91: 3사 공동전원함(경비실 벽면) | J91: =COUNTA(G91,W91,Z91,AC91,AF91,AI91,AL91,AO91,AR91,AU91) -> 2 | K91: 미확인 | L91: 양호 | M91: 조치완료 | N91: 차단기 | O91: 완료 | P91: 대상 | Q91: 46078 | R91: 이상민 | S91: 3사 전원함내 ELB 사용으로 배선용 차단기 교체 요청 완료(타사 배선용 완료), 자동복구형으로 교체완료(이상민) | T91: LGU+ 한전주 위치하며, 경비실 벽면에 KT와 SKT 전원함 설치되어 있음 | U91: 유 | V91: 완료 | W91: 유호열 | X91: 45770 | Y91: 차단기 ON
A92: 89 | B92: 춘천 | C92: 20122A7FQ | D92: LGR_NK_춘천강촌캠핑장_B5.56.LTE.RRH_L(NSN) | F92: 45497 | G92: 유호열 | H92: IGR20A | I92: 전원함 내 | J92: =COUNTA(G92,W92,Z92,AC92,AF92,AI92,AL92,AO92,AR92,AU92) -> 1 | K92: 양호 | L92: 양호 | M92: 조치완료 | N92: 양호 | O92: 완료 | P92: 대상 | Q92: 46064 | R92: 박영모, 이상민 | S92: 중계기 이설로 차단기 상태 및 절연저항 양호 | V92: 불필요
A93: 90 | B93: 춘천 | C93: 20122A7MV | D93: LGR_NK_춘천백양3_B5.56.LTE.RRH_L(NSN) | F93: 45497 | G93: 조범신 | H93: IGR20A | I93: 전원함 내 | J93: =COUNTA(G93,W93,Z93,AC93,AF93,AI93,AL93,AO93,AR93,AU93) -> 1 | K93: 양호 | L93: 양호 | M93: 조치완료 | N93: 양호 | O93: 완료 | P93: 대상 | Q93: 46065 | R93: 박영모, 이상민 | S93: 절연저항 및 차단기 자동복구 양호, 추가 모니터링 | V93: 불필요
A94: 91 | B94: 춘천 | C94: 2013Z2680 | D94: LGR_NK_춘천신동남춘천CC2_B5.56.LTE.RRH_L(NSN) | F94: 45497 | G94: 유호열 | H94: ELB20A | I94: 2차 전원함 | J94: =COUNTA(G94,W94,Z94,AC94,AF94,AI94,AL94,AO94,AR94,AU94) -> 2 | K94: 양호 | M94: 조치완료 | O94: 완료 | Q94: 45510 | R94: 고득훈 | S94: 2차 전원함 ELB에서 IELB교체 완료 | T94: 와이어블 분전함내 누전차단기 직결 완료 2차 전원함 ELB, 3차 전원 IELB 2차 전원함 ELB를 IELB로 교체 필요 | W94: 고득훈 | X94: 45510 | Y94: 차단기교체
A95: 92 | B95: 춘천 | C95: 2021Y8403 | D95: EL_춘천자라우_B5.56.LTE.RRU_800M_R2212(ELG) | F95: 45497 | G95: 박영모 | H95: MCCB | I95: 계량기 함체 | J95: =COUNTA(G95,W95,Z95,AC95,AF95,AI95,AL95,AO95,AR95,AU95) -> 1 | K95: 미확인 | L95: 양호 | M95: 조치완료 | N95: 차단기 | O95: 완료 | P95: 대상 | Q95: 46064 | R95: 박영모, 이상민 | S95: 계량기 이하단 차단기 불량으로 직결 요청 완료, 전원함 2식으로 1식 제거 완료, BP조치 완료 | U95: 유 | V95: 완료
A96: 93 | B96: 철원 | C96: 20122A77U | D96: KTR_NK_철원강포_B5.56.LTE.RRH_L(NSN) | F96: 45497 | G96: 유호열 | H96: IELB20A | J96: =COUNTA(G96,W96,Z96,AC96,AF96,AI96,AL96,AO96,AR96,AU96) -> 1 | K96: 양호 | L96: 양호 | M96: 조치완료 | N96: 양호 | O96: 완료 | P96: 대상 | Q96: 46066 | R96: 조성룡 | S96: 절연저항 양호 및 자동복구 양호(모니터링) | U96: 무 | V96: 불필요
A97: 94 | B97: 철원 | C97: 20122A7K3 | D97: KTR_NK_철원문혜5_B5.56.LTE.RRH_L(NSN) | F97: 45497 | G97: 유호열 | H97: IELB20A | J97: =COUNTA(G97,W97,Z97,AC97,AF97,AI97,AL97,AO97,AR97,AU97) -> 1 | K97: 양호 | L97: 양호 | M97: 조치완료 | N97: 양호 | O97: 완료 | P97: 대상 | Q97: 46086 | R97: 조성룡 | S97: 절연저항 양호 및 자동복구 양호 (모니터링 예정) | U97: 유 | V97: 불필요
A98: 95 | B98: 홍천 | C98: 201621142 | D98: LGR_NK_홍천모곡점말_B5.56.LTE.RRH_L(NSN) | F98: 45497 | G98: 선우영 | H98: IGR20A | I98: 전원함 | J98: =COUNTA(G98,W98,Z98,AC98,AF98,AI98,AL98,AO98,AR98,AU98) -> 1 | K98: 양호 | L98: 양호 | M98: 조치완료 | N98: 양호 | O98: 완료 | P98: 대상 | Q98: 46092 | R98: 이상대 | S98: 절연저항 양호 및 자동복구 양호 | U98: 유 | V98: 불필요
A99: 96 | B99: 춘천 | C99: 2021Y9597 | D99: EL_BR_춘천온의2_B5.56.LTE.RRU_800M_R2212(ELG) | F99: 45497 | G99: 박영모 | H99: 미확인 | I99: 건물측 차단기 | J99: =COUNTA(G99,W99,Z99,AC99,AF99,AI99,AL99,AO99,AR99,AU99) -> 1 | K99: 양호 | L99: 양호 | M99: 조치완료 | N99: 양호 | O99: 완료 | P99: 대상 | Q99: 46079 | R99: 이상민 | S99: 옥탑 장비 전원함은 절연저항 양호하며 건물측 분전반 차단기 트립 관련하여 추가 발생시 배선용 검토예정 | V99: 불필요
A100: 97 | B100: 춘천 | C100: 20122A8I3 | D100: LGR_NK_춘천추곡2_B5.56.LTE.RRH_L(NSN) | F100: 45497 | G100: 정민석 | H100: 미확인 | J100: =COUNTA(G100,W100,Z100,AC100,AF100,AI100,AL100,AO100,AR100,AU100) -> 1 | K100: 불량 | L100: 양호 | M100: 조치완료 | N100: 차단기 | O100: 완료 | P100: 대상 | Q100: 45845 | R100: 유비 | S100: BP사 차단기 교체 완료 | V100: 불필요
A101: 98 | B101: 철원 | C101: 2013Z7016 | D101: KTR_NK_철원삼천봉_B5.56.LTE.RU(NSN) | F101: 45497 | G101: 김기현 | H101: 배선용 차단기 | I101: 소초 내리막 옆 전주 3상 | J101: =COUNTA(G101,W101,Z101,AC101,AF101,AI101,AL101,AO101,AR101,AU101) -> 1 | K101: 미확인 | L101: 양호 | M101: 조치완료 | N101: 양호 | O101: 완료 | P101: 대상 | Q101: 46092 | R101: 김재성 | S101: 절연저항 양호, 배선용 상태양호 | U101: 유 | V101: 불필요
...

Sheet DORS415 리비전 미완료 진행 내역
A2: ■ DORS415 리비전 미완료 대상
A3: 순번 | B3: 지역 | C3: 통합시설코드 | D3: 국소명 | E3: 날짜 | F3: 대응자 | G3: 완료유무 | H3: 작업자 | I3: 조치 날짜
A4: 1 | B4: 양구 | C4: 20172A3ZZ | D4: LGR_NK_GR_양구정림3_B7.56.LTE.RRU_2.6G_FRHG(NSN) | E4: 45108 | F4: 이승규 | G4: 완료 | H4: 이상대 | I4: 45259
A5: 2 | B5: 양구 | C5: 20122B453 | D5: LGR_NK_양구석현2_B5.56.LTE.RRH_L(NSN) | E5: 45108 | F5: 이승규 | G5: 완료 | H5: 이상대 | I5: 45265
A6: 3 | B6: 양구 | C6: 20213AH3Z | D6: LGR_NK_양구안대리2_B7.56.LTE.RRU_2.6G_FRHG(NSN) | E6: 45108 | F6: 이승규 | G6: 완료 | H6: 이승규 | I6: 45279
A7: 4 | B7: 양구 | C7: 20122A7JC | D7: LGR_NK_양구여중고_B5.56.LTE.RRH_L(NSN) | E7: 45108 | F7: 이승규 | G7: 완료 | H7: 이승규 | I7: 45279
A8: 5 | B8: 양구 | C8: 20122B3P8 | D8: LGR_NK_양구월명도일_B5.56.LTE.RRH_L(NSN) | E8: 45108 | F8: 박영모 | G8: 완료 | H8: 이상대 | I8: 45149
A9: 6 | B9: 양구 | C9: 20122B3P9 | D9: LGR_NK_양구월명도일2_B5.56.LTE.RRH_L(NSN) | E9: 45108 | F9: 박영모 | G9: 완료 | H9: 이승규 | I9: 45149
A10: 7 | B10: 양구 | C10: 20163A4PC | D10: LGR_NK_양구월명리4_B3.56.LTE.RRU_FHEB(NSN) | E10: 45108 | F10: 박영모 | G10: 완료 | H10: 이승규 | I10: 45149
A11: 8 | B11: 양구 | C11: 2014Z7953 | D11: LGR_NK_양구죽리OL_B3.56.LTE.RRU_FHEB(NSN) | E11: 45108 | F11: 이승규 | G11: 완료 | H11: 이승규 | I11: 45169
A12: 9 | B12: 화천 | C12: 20122B40E | D12: NK_화천상서칠성교_B5.56.LTE.RRH_L(NSN) | E12: 45110 | F12: 안병걸 | G12: 완료 | H12: 안병걸 | I12: 45133
A13: 10 | B13: 춘천 | C13: 20122A8JP | D13: LGR_NK_춘천행촌_B5.56.LTE.RRH_L(NSN) | E13: 45110 | F13: 박준성 | G13: 완료 | H13: 박준성 | I13: 45120
A14: 11 | B14: 춘천 | C14: 20122B3I4 | D14: LGR_NK_춘천남산면우러니_B5.56.LTE.RRH_L(NSN) | E14: 45110 | F14: 박준성 | G14: 완료 | H14: 박준성 | I14: 45133
A15: 12 | B15: 춘천 | C15: 20122B3W6 | D15: LGR_NK_춘천행촌봉의텃골2_B5.56.LTE.RRH_L(NSN) | E15: 45110 | F15: 박준성 | G15: 완료 | H15: 박준성 | I15: 45120
... A21: 18 | B21: 인제 | C21: 20122B3EC | D21: NK_인제서화6_B5.56.LTE.RRH_L(NSN) | E21: 45117 | F21: 현규진 | G21: 완료 | H21: 선우영 | I21: 45121
A22: 19 | B22: 철원 | D22: 철원문혜OL3-B7DRIU | E22: 45117 | F22: 한지영 | G22: 완료 | H22: 한지영 | I22: 45188
A23: 20 | B23: 화천 | C23: 20123ADHN | D23: LGR_NK_화천간동방천_B5.56.LTE.RRH_L(NSN) | E23: 45117 | F23: 조성룡 | G23: 완료 | H23: 안병걸 | I23: 45121
A24: 21 | B24: 화천 | C24: 20122A85I | D24: KTR_NK_화천용담계곡_B5.56.LTE.RRH_L(NSN) | E24: 45117 | F24: 이상대 | G24: 완료 | H24: 안병걸 | I24: 45149
A25: 22 | B25: 화천 | C25: 20213AH47 | D25: KTR_NK_화천용담계곡_B7.56.LTE.RRU_2.6G_FRHG(NSN) | E25: 45117 | F25: 이상대 | G25: 완료 | H25: 안병걸 | I25: 45149
A26: 23 | B26: 화천 | C26: 20193AFM0 | D26: KTR_NK_화천7사단칠성훈련장_B3.56.LTE.RRU_FHEB(NSN) | E26: 45117 | F26: 안병걸 | G26: 완료 | H26: 안병걸 | I26: 45133
A27: 24 | B27: 홍천 | C27: 20123AG7R | D27: NK_홍천어론황정골_B5.56.LTE.RRH_L(NSN) | E27: 45119 | F27: 선우영 | G27: 완료 | H27: 이상대 | I27: 46045
A28: 25 | B28: 화천 | C28: 2016Y0349 | D28: KTR_NK_화천광덕기상대_B3.56.LTE.RRU_FHEB(NSN) | E28: 45119 | F28: 고득훈 | G28: 완료 | H28: 안병걸 | I28: 45121
A29: 26 | B29: 홍천 | C29: 20173A668 | D29: NK_홍천내촌봉수대도둠터_B7.56.LTE.RRU_2.6G_FRHG(NS | E29: 45124 | F29: 선우영 | G29: 완료 | H29: 선우영 | I29: 45133
A30: 27 | B30: 인제 | C30: 20122B3DT | D30: NK_인제서리입석동5_B5.56.LTE.RRH_L(NSN) | E30: 45124 | F30: 선우영 | G30: 완료 | H30: 선우영 | I30: 45133
A31: 28 | B31: 철원 | C31: 202127552 | D31: 철원지경1961부대-_B3.56.LTE.RRU_FHEB(NSN) | E31: 45133 | F31: 한지영 | G31: 완료 | H31: 한지영 | I31: 45133
A32: 29 | B32: 철원 | C32: 2018Z4116 | D32: NK_철원3사단18소초_B3.56.LTE.RRU_FHEB(NSN) | E32: 45133 | F32: 한지영 | G32: 완료 | H32: 한지영 | I32: 45133
A33: 30 | B33: 철원 | C33: 2018Z4156 | D33: NK_철원6사단풍암마현도로_B3.56.LTE.RRU_FHEB(NSN) | E33: 45133 | F33: 한지영 | G33: 완료 | H33: 한지영 | I33: 45188
A34: 31 | B34: 철원 | C34: 20173A6EB | D34: NK_철원도창청전펜션_B7.56.LTE.RRU_2.6G_FRHG(NSN) | E34: 45133 | F34: 한지영 | G34: 완료 | H34: 한지영 | I34: 45188
... A72: 69 | B72: 홍천 | C72: 20123ADL8 | D72: NK_홍천괘석달음재2_B5.56.LTE.RRH_L(NSN) | E72: 45230 | F72: 김기현 | G72: 완료 | H72: 이상대 | I72: 46132
A73: 70 | B73: 춘천 | C73: 20122A8KB | D73: LGR_NK_춘천감정3_B5.56.LTE.RRH_L(NSN) | E73: 45235 | F73: 이상민
A74: 71 | B74: 춘천 | C74: 20122A794 | D74: LGR_NK_춘천고성2_B5.56.LTE.RRH_L(NSN) | E74: 45235 | F74: 박영모 | G74: 완료 | H74: 박영모 | I74: 45235
A75: 72 | B75: 인제 | C75: 20193BZXX | D75: NK_인제개인약수입구_B5.56.LTE.RRH_L(NSN) | E75: 45235 | F75: 박준성 | G75: 완료 | H75: 이승규 | I75: 46132
A76: 73 | B76: 인제 | C76: 20122B3QM | D76: NK_인제하남왜골_B5.56.LTE.RRH_L(NSN) | E76: 45235 | F76: 박준성 | G76: 완료 | H76: 박준성 | I76: 45279
A77: 74 | B77: 인제 | C77: 20123AGAV | D77: NK_인제오미재_B5.56.LTE.RRH_L(NSN) | E77: 45235 | F77: 박준성 | G77: 완료 | H77: 이승규 | I77: 46132
A78: 75 | B78: 홍천 | C78: 20122A7SX | D78: NK_홍천모둘자리2_B5.56.LTE.RRH_L(NSN) | E78: 45235 | F78: 박준성 | G78: 완료 | H78: 선우영 | I78: 45560
A79: 76 | B79: 춘천 | C79: 20122A7XI | D79: LGR_NK_춘천제이드팰리스1_B5.56.LTE.RRH_L(NSN) | E79: 45243 | F79: 이상민 | G79: 완료 | H79: 이상민 | I79: 45243
A80: 77 | B80: 양구 | C80: 20122A6KU | D80: NK_양구두무2_B5.56.LTE.RRH_L(NSN) | E80: 45245 | F80: 박준성 | G80: 완료 | H80: 박준성 | I80: 45245
A81: 78 | B81: 양구 | C81: 20122B374 | D81: NK_양구아랫두무_B5.56.LTE.RRH_L(NSN) | E81: 45245 | F81: 박준성 | G81: 완료 | H81: 박준성 | I81: 45245
A82: 79 | B82: 춘천 | C82: 2021Y9023 | D82: EL_춘천국민체육센타_B5.56.LTE.RRU_800M_R2212(ELG) | E82: 45259 | F82: 박영모 | G82: 완료 | H82: 이승규 | I82: 45268
A83: 80 | B83: 춘천 | C83: 2021Y9901 | D83: EL_춘천국민체육센타_B3.56.LTE.RRUS13(ELG) | E83: 45259 | F83: 박영모 | G83: 완료 | H83: 이승규 | I83: 45268
A84: 81 | B84: 홍천 | C84: 20123AG3G | D84: LGR_NK_홍천와야덕전_B5.56.LTE.RRH_L(NSN) | E84: 45268 | F84: 현규진 | G84: 완료 | H84: 현규진 | I84: 45294
A85: 82 | B85: 홍천 | C85: 20123AG3H | D85: LGR_NK_홍천와야덕전마을_B5.56.LTE.RRH_L(NSN) | E85: 45268 | F85: 현규진 | G85: 완료 | H85: 현규진 | I85: 45294
... A151: 148 | B151: 홍천 | C151: 20122B3E4 | D151: LGR_NK_홍천진여울2_B5.56.LTE.RRH_L(NSN) | E151: 45425 | F151: 박준성 | G151: 완료 | H151: 박준성 | I151: 45425
A152: 149 | B152: 철원 | C152: 20193AFKH | D152: KTR_NK_철원3사단1소초_B3.56.LTE.RRU_FHEB(NSN) | E152: 45425 | F152: 유호열
A153: 150 | B153: 춘천 | C153: 20163A3QP | D153: LGR_NK_춘천강촌말골_B3.56.LTE.RRU_FHEB(NSN) | E153: 45422 | F153: 이상민 | G153: 완료 | H153: 박영모 | I153: 45425
A154: 151 | B154: 양구 | C154: 2013Z7010 | D154: LGR_NK_양구두타연_B5.56.LTE.RRH_L(NSN) | E154: 45425 | F154: 박준성 | G154: 완료 | H154: 현규진 | I154: 45595
A155: 152 | B155: 춘천 | C155: 20122B485 | D155: LGR_NK_춘천대룡산_B5.56.LTE.RRH_L(NSN) | E155: 45432 | F155: 이상민 | G155: 완료 | H155: 이상민 | I155: 45432
A156: 153 | B156: 홍천 | C156: 20122B3RK | D156: LGR_NK_홍천내면괸돌길3_B5.56.LTE.RRH_L(NSN) | E156: 45432 | F156: 한지영 | G156: 완료 | H156: 한지영 | I156: 45432
A157: 154 | B157: 홍천 | C157: 2014Z0708 | D157: LGR_NK_홍천창촌조항동_B5.56.LTE.RRH_L(NSN) | E157: 45432 | F157: 한지영 | G157: 완료 | H157: 한지영 | I157: 45432
A158: 155 | B158: 춘천 | C158: 20213A95W | D158: EL_CAM_춘천성심대_B3.56.LTE.RRUS13(ELG) | E158: 45435 | F158: 조성룡 | G158: 완료 | H158: 박영모 | I158: 46064
A159: 156 | B159: 홍천 | C159: 20122B3E6 | D159: LGR_NK_홍천풍암덕팥치_B5.56.LTE.RRH_L(NSN) | E159: 45435 | F159: 조범신 | G159: 완료 | H159: 선우영 | I159: 45560
A160: 157 | B160: 홍천 | C160: 20122A7NS | D160: LGR_NK_홍천부목재3_B5.56.LTE.RRH_L(NSN) | E160: 45435 | F160: 조범신 | G160: 완료 | H160: 이상대 | I160: 46045
A161: 158 | B161: 홍천 | C161: 20122A6IR | D161: LGR_NK_홍천공작골가든_B5.56.LTE.RRH_L(NSN) | E161: 45435 | F161: 조범신 | G161: 완료 | H161: 선우영 | I161: 45475
A162: 159 | B162: 춘천 | C162: 20122A6N6 | D162: LGR_NK_춘천한덕_B5.56.LTE.RRH_L(NSN) | E162: 45435 | F162: 이상대 | G162: 완료 | H162: 정주영 | I162: 46030
A163: 160 | B163: 춘천 | C163: 20123AG0Q | D163: LGR_NK_춘천한덕2_B5.56.LTE.RRH_L(NSN) | E163: 45435 | F163: 이상대 | G163: 완료 | H163: 정주영 | I163: 46030
A164: 161 | B164: 춘천 | C164: 20122A7LI | D164: LGR_NK_춘천발산2_B5.56.LTE.RRH_L(NSN) | E164: 45435 | F164: 이상대 | G164: 완료 | H164: 정주영 | I164: 46035
... A170: 167 | B170: 홍천 | C170: 20193B7S6 | D170: LGR_NK_홍천굴운더오딘펜션_DB13.56.LTE.RRU(0120)_AH | E170: 45442 | F170: 선우영 | G170: 완료 | H170: 선우영 | I170: 45442
A171: 168 | B171: 인제 | C171: 20163A4IM | D171: LGR_NK_인제설피곰배령_MTH(B53).56.LTE.RO-MIBOS-T-L | E171: 45442 | F171: 조범신
A172: 169 | B172: 홍천 | C172: 20122B3MR | D172: LGR_NK_홍천자운청계_B5.56.LTE.RRH_L(NSN) | E172: 45442 | F172: 한지영 | G172: 완료 | H172: 한지영 | I172: 45442
A173: 170 | B173: 홍천 | C173: 20122B3UL | D173: LGR_NK_홍천창촌지령골_B5.56.LTE.RRH_L(NSN) | E173: 45442 | F173: 한지영 | G173: 완료 | H173: 한지영 | I173: 45442
A174: 171 | B174: 양구 | C174: 202127617 | D174: LGR_NK_양구21사단9소초_B3.56.LTE.RRU_FHEB(NSN) | E174: 45442 | F174: 현규진 | G174: 완료 | H174: 현규진 | I174: 45442
A175: 172 | B175: 화천 | C175: 20123ADHL | D175: LGR_NK_화천병풍산2_B5.56.LTE.RRH_L(NSN) | E175: 45453 | F175: 안병걸
A176: 173 | B176: 춘천 | C176: 20122A6T1 | D176: LGR_NK_춘천서천초교_B5.56.LTE.RRH_L(NSN) | E176: 45469 | F176: 박영모 | G176: 완료 | H176: 박영모 | I176: 45469
A177: 174 | B177: 철원 | C177: 20173A61D | D177: KTR_NK_철원자등포레스트2_B3.56.LTE.RRU_FHEB(NSN) | E177: 45469 | F177: 유호열 | G177: 완료 | H177: 유호열 | I177: 45469
A178: 175 | B178: 홍천 | C178: 20123AFCI | D178: LGR_NK_홍천쌍계사입구_B5.56.LTE.RRH_L(NSN) | E178: 45481 | F178: 선우영 | G178: 완료 | H178: 선우영 | I178: 45481
A179: 176 | B179: 춘천 | C179: 20122B3LR | D179: LGR_NK_춘천오항산막골3_B5.56.LTE.RRH_L(NSN) | E179: 45491 | F179: 박영모 | G179: 완료 | H179: 박영모 | I179: 46064
A180: 177 | B180: 춘천 | C180: 20122B3WC | D180: LGR_NK_춘천신이리전망대_B5.56.LTE.RRH_L(NSN) | E180: 45498 | F180: 이상대 | G180: 완료 | H180: 이상대 | I180: 45498
A181: 178 | B181: 춘천 | C181: 20122A7NU | D181: LGR_NK_춘천부사원2_B5.56.LTE.RRH_L(NSN) | E181: 45510 | F181: 조성룡 | G181: 완료 | H181: 정주영 | I181: 46030
A182: 179 | B182: 춘천 | C182: 20122A7NV | D182: LGR_NK_춘천홍천동산1터널지상_B5.56.LTE.RRH_L(NSN) | E182: 45510 | F182: 조성룡 | G182: 완료 | H182: 이상민 | I182: 46125
A183: 180 | B183: 춘천 | C183: 20122A8HZ | D183: LGR_NK_춘천동산2_B5.56.LTE.RRH_L(NSN) | E183: 45510 | F183: 박상구 | G183: 완료 | H183: 박영모 | I183: 45681
A184: 181 | B184: 춘천 | C184: 201421763 | D184: LGR_NK_CRM_춘천여고2_B3.56.LTE.RRU_FHEB(NSN) | E184: 45513 | F184: 김재성 | G184: 완료 | H184: 김재성 | I184: 45513
A185: 182 | B185: 인제 | C185: 20122B3Y0 | D185: LGR_NK_인제필레4_B5.56.LTE.RRH_L(NSN) | E185: 45513 | F185: 김기현 | G185: 완료 | H185: 이규성 | I185: 46045
A186: 183 | B186: 인제 | C186: 20122B3Y1 | D186: (고압)LGR_NK_인제필레5_B5.56.LTE.RRH_L(NSN) | E186: 45513 | F186: 김기현 | G186: 완료 | H186: 이규성 | I186: 46045
A187: 184 | B187: 홍천 | C187: 20122B328 | D187: LGR_NK_홍천괘석후동5교_B5.56.LTE.RRH_L(NSN) | E187: 45524 | F187: 선우영 | G187: 완료 | H187: 이승규 | I187: 46135
... A218: 215 | B218: 양구 | C218: 2013Z2677 | D218: LGR_NK_양구군량2_B5.56.LTE.RRH_L(NSN) | E218: 45796 | F218: 선우영 | G218: 완료 | H218: 선우영 | I218: 45796
A219: 216 | B219: 홍천 | D219: 홍천연봉향교 | E219: 45821 | F219: 박영모 | G219: 완료 | H219: 박영모 | I219: 45821
A220: 217 | B220: 홍천 | C220: 20163A4NY | D220: LGR_NK_홍천하늘청숲속_B3.56.LTE.RRU_FHEB(NSN) | E220: 45821 | F220: 박준성 | G220: 완료 | H220: 박준성 | I220: 45821
A221: 218 | B221: 홍천 | C221: 20163A3WH | D221: LGR_NK_홍천너브네노인병원_B3.56.LTE.RRU_FHEB(NSN) | E221: 45821 | F221: 박준성 | G221: 완료 | H221: 박준성 | I221: 45821
A222: 219 | B222: 춘천 | C222: 2013Z2653 | D222: LGR_NK_춘천가정3_B5.56.LTE.RRH_L(NSN) | E222: 45796 | F222: 현규진 | G222: 완료 | H222: 현규진 | I222: 45796
A223: 220 | B223: 춘천 | C223: 20122B3W4 | D223: LGR_NK_춘천물로고개정상_B5.56.LTE.RRH_L(NSN) | E223: 45847 | F223: 현규진 | G223: 완료 | H223: 현규진 | I223: 45847
A224: 221 | B224: 춘천 | C224: 20122B3W5 | D224: LGR_NK_춘천물로3_B5.56.LTE.RRH_L(NSN) | E224: 45847 | F224: 현규진 | G224: 완료 | H224: 현규진 | I224: 45847
A225: 222 | B225: 인제 | C225: 20122B3YY | D225: LGR_NK_인제현리사동2_B5.56.LTE.RRH_L(NSN) | E225: 45847 | F225: 현규진 | G225: 완료 | H225: 현규진 | I225: 45847
A226: 223 | B226: 인제 | C226: 20122A7QT | D226: LGR_NK_인제상남4_B5.56.LTE.RRH_L(NSN) | E226: 45847 | F226: 현규진 | G226: 완료 | H226: 현규진 | I226: 45847
A227: 224 | B227: 양구 | C227: 20173A91B | D227: LGR_NK_양구동면정수장2_B3.56.LTE.RRU_FHEB(NSN) | E227: 45847 | F227: 현규진 | G227: 완료 | H227: 현규진 | I227: 45847
A228: 225 | B228: 춘천 | C228: 20122A8JH | D228: LGR_NK_춘천물로_B5.56.LTE.RRH_L(NSN) | E228: 45847 | F228: 현규진 | G228: 완료 | H228: 현규진 | I228: 45847
A229: 226 | B229: 춘천 | C229: 20173A5ZJ | D229: LGR_NK_춘천신동새슬막입구_B7.56.LTE.RRU_2.6G_FRHG | E229: 45873 | F229: 박준성 | G229: 완료 | H229: 박준성 | I229: 45873
A230: 227 | B230: 춘천 | C230: 20122B3LW | D230: LGR_NK_춘천오항천리터_B5.56.LTE.RRH_L(NSN) | E230: 45875 | F230: 박영모 | G230: 완료 | H230: 박영모 | I230: 45875
A231: 228 | B231: 춘천 | C231: 20122A8JQ | D231: LGR_NK_춘천행촌2_B5.56.LTE.RRH_L(NSN) | E231: 45873 | F231: 박준성 | G231: 완료 | H231: 박준성 | I231: 45873
... A248: 245 | B248: 홍천 | C248: 20123AG3J | D248: LGR_NK_홍천와야봉수대_B5.56.LTE.RRH_L(NSN) | E248: 46134 | F248: 이승규 | G248: 완료 | H248: 이승규 | I248: 46134
A249: 246 | B249: 양구 | C249: 20122A8E5 | D249: LGR_NK_양구죽곡2OL_B5.56.LTE.RU(NSN) | E249: 46132 | F249: 이승규
A250: 247 | B250: 홍천 | C250: 20122A7F6 | D250: LGR_NK_홍천남노일2_B5.56.LTE.RRH_L(NSN) | E250: 46132 | F250: 이승규
A251: 248 | B251: 춘천 | C251: 2021Z2165 | D251: EL_BR_춘천남춘천_B7.56.LTE.RRU_2.6G_R2212(ELG) | E251: 46132 | F251: 이상민
A252: 249 | B252: 춘천 | C252: 2014Z5995 | D252: LGR_NK_춘천농공고실습장2_B3.56.LTE.RRU_FHEB(NSN) | E252: 46132 | F252: 박준성 | G252: 완료 | H252: 박준성 | I252: 46132
A253: 250 | B253: 화천 | C253: 20122A79R | D253: KTR_NK_화천하오터널_B5.56.LTE.RRH_L(NSN) | E253: 46132 | F253: 박상구 | G253: 완료 | H253: 박상구 | I253: 46149
A254: 251 | B254: 화천 | C254: 20122B40B | D254: KTR_NK_화천화악터널_B5.56.LTE.RRH_L(NSN) | E254: 46132 | F254: 박상구 | G254: 완료 | H254: 박상구 | I254: 46149
A255: 252 | B255: 양구 | C255: 20122B3LM | D255: LGR_NK_양구오미금악교_B5.56.LTE.RRH_L(NSN) | E255: 46161 | F255: 김기현 | G255: 완료 | H255: 김기현 | I255: 46161
A256: 253 | B256: 화천 | C256: 20122A7II | D256: LGR_NK_화천평화의댐_B5.56.LTE.RRH_L(NSN) | E256: 46161 | F256: 조성룡
A257: 254 | B257: 춘천 | C257: 2021Y6211 | D257: EL_춘천후평자연유치원_B3.56.LTE.RRUS13(ELG) | E257: 46161 | F257: 정주영 | G257: 완료 | H257: 정주영 | I257: 46161
A258: 255 | B258: 인제 | C258: 20122B3QP | D258: LGR_NK_인제하남2_B5.56.LTE.RRH_L(NSN) | E258: 46162 | F258: 이승규 | G258: 완료 | H258: 이승규 | I258: 46227
A259: 256 | B259: 인제 | C259: 20123AFBP | D259: LGR_NK_인제갑둔옥토골_B5.56.LTE.RRH_L(NSN) | E259: 46163 | F259: 이승규 | G259: 완료 | H259: 이승규 | I259: 46227
...

Sheet W단독 고지국소
A2: ■ W단독 고지국소
A3: 순번 | B3: 지역 | C3: 통합시설코드 | D3: 국소명 | E3: 문제점 | F3: 완료여부
A4: 1 | B4: 화천 | C4: 200721583 | D4: 화천원천OW.56.WCDMA.E3-NODEB(외) | E4: W단독 고지국소
A5: 2 | B5: 화천 | C5: 200721911 | D5: 화천검단OW.56.WCDMA.E3-NODEB(외) | E5: W단독 고지국소
A6: 3 | B6: 홍천 | C6: 200721937 | D6: 홍천화촌3OW.56.WCDMA.E3-NODEB(외) | E6: W단독 고지국소
A7: 4 | B7: 양구 | C7: 200721597 | D7: 양구오미2FXW.56.WCDMA.FX-NODEB | E7: W단독 고지국소
A8: 5 | B8: 철원 | C8: 200721619 | D8: 철원상사3OW.56.WCDMA.E3-NODEB(외) | E8: W단독 고지국소
A9: 6 | B9: 춘천 | C9: 200939893 | D9: 춘천품걸FXW.56.WCDMA.FX-NODEB | E9: W단독 오지국소
A10: 7 | B10: 화천 | C10: 200721757 | D10: 화천용담2OW.56.WCDMA.E3-NODEB(외) | E10: W단독 고지국소
A11: 8 | B11: 춘천 | C11: 200721817 | D11: 춘천백양2OW.56.WCDMA.E3-NODEB(외) | E11: W단독 고지국소
A12: 9 | B12: 양구 | C12: 2008Z8095 | D12: 양구구암2OW.56.WCDMA.E3-NODEB(외) | E12: W단독 고지국소
A13: 10 | B13: 홍천 | C13: 200721632 | D13: 홍천성동OW.56.WCDMA.E3-NODEB(외) | E13: W단독 고지국소
A14: 11 | B14: 화천 | C14: 200721720 | D14: 화천주파령OW.56.WCDMA.E3-NODEB(외) | E14: W단독 고지국소, 민통선
A15: 12
A81: 78
A82: 79
A83: 80
A84: 81
A85: 82
A86: 83
A87: 84
A88: 85
A89: 86
A90: 87
A91: 88
... A100: 97

Sheet LTE 노출형 DU
A2: ■ LTE 노출형 DU
A3: 순번 | B3: 지역 | C3: 통합시설코드 | D3: 국소명 | E3: 문제점 | F3: 완료여부
A4: 1 | B4: 화천 | C4: 2018Y2955 | D4: 화천백암PX삼거리L-DU1.56.LTE.DU20(내) | E4: LTE노출형 DU
A5: 2 | B5: 화천 | C5: 201321473 | D5: 화천수상령중대OL-DU1.56.LTE.DU20(내) | E5: LTE노출형 DU
A6: 3 | B6: 춘천 | C6: 20122A659 | D6: 춘천안보OL-DU1.56.LTE.ENB(외) | E6: LTE노출형 DU
A7: 4 | B7: 화천 | C7: 202424328 | D7: 화천산양3OL-DU1.56.LTE.DU20(외) | E7: LTE노출형 DU | F7: 완료
A8: 5 | B8: 인제 | C8: 20172A4RN | D8: 인제을지부대OL-DU1.56.LTE.DU20(내) | E8: LTE노출형 DU | F8: 완료
A9: 6 | B9: 양구 | C9: 20122A5VW | D9: 양구사태리L-DU1.56.LTE.DU20(외) | E9: LTE노출형 DU
A10: 7 | B10: 철원 | C10: 2018Y2866 | D10: 철원제2땅굴4OL-DU1.56.LTE.DU20(내) | E10: LTE노출형 DU
A11: 8 | B11: 홍천 | C11: 2018Y2875 | D11: 홍천생둔OL-DU1.56.LTE.DU20(내) | E11: LTE노출형 DU
A12: 9 | B12: 홍천 | C12: 20122A69T | D12: 홍천노천2OL-DU1.56.LTE.DU20(외) | E12: LTE노출형 DU
A13: 10 | B13: 철원 | C13: 20122A643 | D13: 철원지경OL-DU1.56.LTE.DU20(외) | E13: LTE노출형 DU
A14: 11 | B14: 양구 | C14: 2016Y7221 | D14: 양구팔랑폭포OL-DU1.56.LTE.ENB(내) | E14: LTE노출형 DU
A15: 12 | B15: 양구 | C15: 20172AFUL | D15: 양구방산OL-DU1.56.LTE.DU20(내) | E15: LTE노출형 DU
A16: 13 | B16: 춘천 | C16: 20122A650 | D16: 춘천광판OL-DU1.56.LTE.DU20(외) | E16: LTE노출형 DU
A81: 78
A82: 79
A83: 80
A84: 81
A85: 82
A86: 83
A87: 84
A88: 85
A89: 86
A90: 87
A91: 88
A92: 89
... A100: 97

Sheet 사진
